﻿<?xml version="1.0" encoding="utf-8"?>
<Document>
  <Engineering version="V16" />
  <DocumentInfo>
    <Created>2025-12-18T09:29:18.7941412Z</Created>
    <ExportSetting>WithDefaults</ExportSetting>
    <InstalledProducts>
      <Product>
        <DisplayName>Totally Integrated Automation Portal</DisplayName>
        <DisplayVersion>V16</DisplayVersion>
      </Product>
      <OptionPackage>
        <DisplayName>TIA Portal Version Control Interface</DisplayName>
        <DisplayVersion>V16</DisplayVersion>
      </OptionPackage>
      <OptionPackage>
        <DisplayName>TIA Portal Openness</DisplayName>
        <DisplayVersion>V16</DisplayVersion>
      </OptionPackage>
      <Product>
        <DisplayName>STEP 7 Professional</DisplayName>
        <DisplayVersion>V16</DisplayVersion>
      </Product>
      <OptionPackage>
        <DisplayName>STEP 7 Safety</DisplayName>
        <DisplayVersion>V16</DisplayVersion>
      </OptionPackage>
      <Product>
        <DisplayName>WinCC Advanced</DisplayName>
        <DisplayVersion>V16</DisplayVersion>
      </Product>
    </InstalledProducts>
  </DocumentInfo>
  <SW.Tags.PlcTagTable ID="0">
    <AttributeList>
      <Name>Outputs</Name>
    </AttributeList>
    <ObjectList>
      <SW.Tags.PlcTag ID="1" CompositionName="Tags">
        <AttributeList>
          <DataTypeName>Bool</DataTypeName>
          <ExternalAccessible>true</ExternalAccessible>
          <ExternalVisible>true</ExternalVisible>
          <ExternalWritable>true</ExternalWritable>
          <LogicalAddress>%Q0.0</LogicalAddress>
          <Name>qIO_xSupplyConveyor1</Name>
        </AttributeList>
        <ObjectList>
          <MultilingualText ID="2" CompositionName="Comment">
            <ObjectList>
              <MultilingualTextItem ID="3" CompositionName="Items">
                <AttributeList>
                  <Culture>en-US</Culture>
                  <Text />
                </AttributeList>
              </MultilingualTextItem>
            </ObjectList>
          </MultilingualText>
        </ObjectList>
      </SW.Tags.PlcTag>
      <SW.Tags.PlcTag ID="4" CompositionName="Tags">
        <AttributeList>
          <DataTypeName>Bool</DataTypeName>
          <ExternalAccessible>true</ExternalAccessible>
          <ExternalVisible>true</ExternalVisible>
          <ExternalWritable>true</ExternalWritable>
          <LogicalAddress>%Q0.1</LogicalAddress>
          <Name>qIO_xSupplyConveyor2</Name>
        </AttributeList>
        <ObjectList>
          <MultilingualText ID="5" CompositionName="Comment">
            <ObjectList>
              <MultilingualTextItem ID="6" CompositionName="Items">
                <AttributeList>
                  <Culture>en-US</Culture>
                  <Text />
                </AttributeList>
              </MultilingualTextItem>
            </ObjectList>
          </MultilingualText>
        </ObjectList>
      </SW.Tags.PlcTag>
      <SW.Tags.PlcTag ID="7" CompositionName="Tags">
        <AttributeList>
          <DataTypeName>Bool</DataTypeName>
          <ExternalAccessible>true</ExternalAccessible>
          <ExternalVisible>true</ExternalVisible>
          <ExternalWritable>true</ExternalWritable>
          <LogicalAddress>%Q0.2</LogicalAddress>
          <Name>qIO_xS1Conveyor1</Name>
        </AttributeList>
        <ObjectList>
          <MultilingualText ID="8" CompositionName="Comment">
            <ObjectList>
              <MultilingualTextItem ID="9" CompositionName="Items">
                <AttributeList>
                  <Culture>en-US</Culture>
                  <Text />
                </AttributeList>
              </MultilingualTextItem>
            </ObjectList>
          </MultilingualText>
        </ObjectList>
      </SW.Tags.PlcTag>
      <SW.Tags.PlcTag ID="A" CompositionName="Tags">
        <AttributeList>
          <DataTypeName>Bool</DataTypeName>
          <ExternalAccessible>true</ExternalAccessible>
          <ExternalVisible>true</ExternalVisible>
          <ExternalWritable>true</ExternalWritable>
          <LogicalAddress>%Q0.3</LogicalAddress>
          <Name>qIO_xS1Conveyor2</Name>
        </AttributeList>
        <ObjectList>
          <MultilingualText ID="B" CompositionName="Comment">
            <ObjectList>
              <MultilingualTextItem ID="C" CompositionName="Items">
                <AttributeList>
                  <Culture>en-US</Culture>
                  <Text />
                </AttributeList>
              </MultilingualTextItem>
            </ObjectList>
          </MultilingualText>
        </ObjectList>
      </SW.Tags.PlcTag>
      <SW.Tags.PlcTag ID="D" CompositionName="Tags">
        <AttributeList>
          <DataTypeName>Bool</DataTypeName>
          <ExternalAccessible>true</ExternalAccessible>
          <ExternalVisible>true</ExternalVisible>
          <ExternalWritable>true</ExternalWritable>
          <LogicalAddress>%Q0.4</LogicalAddress>
          <Name>qIO_xS1Conveyor3</Name>
        </AttributeList>
        <ObjectList>
          <MultilingualText ID="E" CompositionName="Comment">
            <ObjectList>
              <MultilingualTextItem ID="F" CompositionName="Items">
                <AttributeList>
                  <Culture>en-US</Culture>
                  <Text />
                </AttributeList>
              </MultilingualTextItem>
            </ObjectList>
          </MultilingualText>
        </ObjectList>
      </SW.Tags.PlcTag>
      <SW.Tags.PlcTag ID="10" CompositionName="Tags">
        <AttributeList>
          <DataTypeName>Bool</DataTypeName>
          <ExternalAccessible>true</ExternalAccessible>
          <ExternalVisible>true</ExternalVisible>
          <ExternalWritable>true</ExternalWritable>
          <LogicalAddress>%Q0.5</LogicalAddress>
          <Name>qIO_xS1PositionerClamp</Name>
        </AttributeList>
        <ObjectList>
          <MultilingualText ID="11" CompositionName="Comment">
            <ObjectList>
              <MultilingualTextItem ID="12" CompositionName="Items">
                <AttributeList>
                  <Culture>en-US</Culture>
                  <Text />
                </AttributeList>
              </MultilingualTextItem>
            </ObjectList>
          </MultilingualText>
        </ObjectList>
      </SW.Tags.PlcTag>
      <SW.Tags.PlcTag ID="13" CompositionName="Tags">
        <AttributeList>
          <DataTypeName>Bool</DataTypeName>
          <ExternalAccessible>true</ExternalAccessible>
          <ExternalVisible>true</ExternalVisible>
          <ExternalWritable>true</ExternalWritable>
          <LogicalAddress>%Q0.6</LogicalAddress>
          <Name>qIO_xS1PositionerRaise</Name>
        </AttributeList>
        <ObjectList>
          <MultilingualText ID="14" CompositionName="Comment">
            <ObjectList>
              <MultilingualTextItem ID="15" CompositionName="Items">
                <AttributeList>
                  <Culture>en-US</Culture>
                  <Text />
                </AttributeList>
              </MultilingualTextItem>
            </ObjectList>
          </MultilingualText>
        </ObjectList>
      </SW.Tags.PlcTag>
      <SW.Tags.PlcTag ID="16" CompositionName="Tags">
        <AttributeList>
          <DataTypeName>Bool</DataTypeName>
          <ExternalAccessible>true</ExternalAccessible>
          <ExternalVisible>true</ExternalVisible>
          <ExternalWritable>true</ExternalWritable>
          <LogicalAddress>%Q0.7</LogicalAddress>
          <Name>qIO_xS2Conveyor1</Name>
        </AttributeList>
        <ObjectList>
          <MultilingualText ID="17" CompositionName="Comment">
            <ObjectList>
              <MultilingualTextItem ID="18" CompositionName="Items">
                <AttributeList>
                  <Culture>en-US</Culture>
                  <Text />
                </AttributeList>
              </MultilingualTextItem>
            </ObjectList>
          </MultilingualText>
        </ObjectList>
      </SW.Tags.PlcTag>
      <SW.Tags.PlcTag ID="19" CompositionName="Tags">
        <AttributeList>
          <DataTypeName>Bool</DataTypeName>
          <ExternalAccessible>true</ExternalAccessible>
          <ExternalVisible>true</ExternalVisible>
          <ExternalWritable>true</ExternalWritable>
          <LogicalAddress>%Q1.0</LogicalAddress>
          <Name>qIO_xS2Conveyor2</Name>
        </AttributeList>
        <ObjectList>
          <MultilingualText ID="1A" CompositionName="Comment">
            <ObjectList>
              <MultilingualTextItem ID="1B" CompositionName="Items">
                <AttributeList>
                  <Culture>en-US</Culture>
                  <Text />
                </AttributeList>
              </MultilingualTextItem>
            </ObjectList>
          </MultilingualText>
        </ObjectList>
      </SW.Tags.PlcTag>
      <SW.Tags.PlcTag ID="1C" CompositionName="Tags">
        <AttributeList>
          <DataTypeName>Bool</DataTypeName>
          <ExternalAccessible>true</ExternalAccessible>
          <ExternalVisible>true</ExternalVisible>
          <ExternalWritable>true</ExternalWritable>
          <LogicalAddress>%Q1.1</LogicalAddress>
          <Name>qIO_xS2Conveyor3</Name>
        </AttributeList>
        <ObjectList>
          <MultilingualText ID="1D" CompositionName="Comment">
            <ObjectList>
              <MultilingualTextItem ID="1E" CompositionName="Items">
                <AttributeList>
                  <Culture>en-US</Culture>
                  <Text />
                </AttributeList>
              </MultilingualTextItem>
            </ObjectList>
          </MultilingualText>
        </ObjectList>
      </SW.Tags.PlcTag>
      <SW.Tags.PlcTag ID="1F" CompositionName="Tags">
        <AttributeList>
          <DataTypeName>Bool</DataTypeName>
          <ExternalAccessible>true</ExternalAccessible>
          <ExternalVisible>true</ExternalVisible>
          <ExternalWritable>true</ExternalWritable>
          <LogicalAddress>%Q1.2</LogicalAddress>
          <Name>qIO_xS2PositionerClamp</Name>
        </AttributeList>
        <ObjectList>
          <MultilingualText ID="20" CompositionName="Comment">
            <ObjectList>
              <MultilingualTextItem ID="21" CompositionName="Items">
                <AttributeList>
                  <Culture>en-US</Culture>
                  <Text />
                </AttributeList>
              </MultilingualTextItem>
            </ObjectList>
          </MultilingualText>
        </ObjectList>
      </SW.Tags.PlcTag>
      <SW.Tags.PlcTag ID="22" CompositionName="Tags">
        <AttributeList>
          <DataTypeName>Bool</DataTypeName>
          <ExternalAccessible>true</ExternalAccessible>
          <ExternalVisible>true</ExternalVisible>
          <ExternalWritable>true</ExternalWritable>
          <LogicalAddress>%Q1.3</LogicalAddress>
          <Name>qIO_xS2PositionerRaise</Name>
        </AttributeList>
        <ObjectList>
          <MultilingualText ID="23" CompositionName="Comment">
            <ObjectList>
              <MultilingualTextItem ID="24" CompositionName="Items">
                <AttributeList>
                  <Culture>en-US</Culture>
                  <Text />
                </AttributeList>
              </MultilingualTextItem>
            </ObjectList>
          </MultilingualText>
        </ObjectList>
      </SW.Tags.PlcTag>
      <SW.Tags.PlcTag ID="25" CompositionName="Tags">
        <AttributeList>
          <DataTypeName>Bool</DataTypeName>
          <ExternalAccessible>true</ExternalAccessible>
          <ExternalVisible>true</ExternalVisible>
          <ExternalWritable>true</ExternalWritable>
          <LogicalAddress>%Q1.4</LogicalAddress>
          <Name>qIO_xS3Conveyor1</Name>
        </AttributeList>
        <ObjectList>
          <MultilingualText ID="26" CompositionName="Comment">
            <ObjectList>
              <MultilingualTextItem ID="27" CompositionName="Items">
                <AttributeList>
                  <Culture>en-US</Culture>
                  <Text />
                </AttributeList>
              </MultilingualTextItem>
            </ObjectList>
          </MultilingualText>
        </ObjectList>
      </SW.Tags.PlcTag>
      <SW.Tags.PlcTag ID="28" CompositionName="Tags">
        <AttributeList>
          <DataTypeName>Bool</DataTypeName>
          <ExternalAccessible>true</ExternalAccessible>
          <ExternalVisible>true</ExternalVisible>
          <ExternalWritable>true</ExternalWritable>
          <LogicalAddress>%Q1.5</LogicalAddress>
          <Name>qIO_xS3Conveyor2</Name>
        </AttributeList>
        <ObjectList>
          <MultilingualText ID="29" CompositionName="Comment">
            <ObjectList>
              <MultilingualTextItem ID="2A" CompositionName="Items">
                <AttributeList>
                  <Culture>en-US</Culture>
                  <Text />
                </AttributeList>
              </MultilingualTextItem>
            </ObjectList>
          </MultilingualText>
        </ObjectList>
      </SW.Tags.PlcTag>
      <SW.Tags.PlcTag ID="2B" CompositionName="Tags">
        <AttributeList>
          <DataTypeName>Bool</DataTypeName>
          <ExternalAccessible>true</ExternalAccessible>
          <ExternalVisible>true</ExternalVisible>
          <ExternalWritable>true</ExternalWritable>
          <LogicalAddress>%Q1.6</LogicalAddress>
          <Name>qIO_xS3Conveyor3</Name>
        </AttributeList>
        <ObjectList>
          <MultilingualText ID="2C" CompositionName="Comment">
            <ObjectList>
              <MultilingualTextItem ID="2D" CompositionName="Items">
                <AttributeList>
                  <Culture>en-US</Culture>
                  <Text />
                </AttributeList>
              </MultilingualTextItem>
            </ObjectList>
          </MultilingualText>
        </ObjectList>
      </SW.Tags.PlcTag>
      <SW.Tags.PlcTag ID="2E" CompositionName="Tags">
        <AttributeList>
          <DataTypeName>Bool</DataTypeName>
          <ExternalAccessible>true</ExternalAccessible>
          <ExternalVisible>true</ExternalVisible>
          <ExternalWritable>true</ExternalWritable>
          <LogicalAddress>%Q1.7</LogicalAddress>
          <Name>qIO_xS3PositionerClamp</Name>
        </AttributeList>
        <ObjectList>
          <MultilingualText ID="2F" CompositionName="Comment">
            <ObjectList>
              <MultilingualTextItem ID="30" CompositionName="Items">
                <AttributeList>
                  <Culture>en-US</Culture>
                  <Text />
                </AttributeList>
              </MultilingualTextItem>
            </ObjectList>
          </MultilingualText>
        </ObjectList>
      </SW.Tags.PlcTag>
      <SW.Tags.PlcTag ID="31" CompositionName="Tags">
        <AttributeList>
          <DataTypeName>Bool</DataTypeName>
          <ExternalAccessible>true</ExternalAccessible>
          <ExternalVisible>true</ExternalVisible>
          <ExternalWritable>true</ExternalWritable>
          <LogicalAddress>%Q2.0</LogicalAddress>
          <Name>qIO_xS3PositionerRaise</Name>
        </AttributeList>
        <ObjectList>
          <MultilingualText ID="32" CompositionName="Comment">
            <ObjectList>
              <MultilingualTextItem ID="33" CompositionName="Items">
                <AttributeList>
                  <Culture>en-US</Culture>
                  <Text />
                </AttributeList>
              </MultilingualTextItem>
            </ObjectList>
          </MultilingualText>
        </ObjectList>
      </SW.Tags.PlcTag>
      <SW.Tags.PlcTag ID="34" CompositionName="Tags">
        <AttributeList>
          <DataTypeName>Bool</DataTypeName>
          <ExternalAccessible>true</ExternalAccessible>
          <ExternalVisible>true</ExternalVisible>
          <ExternalWritable>true</ExternalWritable>
          <LogicalAddress>%Q2.1</LogicalAddress>
          <Name>qIO_xS1ProcessLight</Name>
        </AttributeList>
        <ObjectList>
          <MultilingualText ID="35" CompositionName="Comment">
            <ObjectList>
              <MultilingualTextItem ID="36" CompositionName="Items">
                <AttributeList>
                  <Culture>en-US</Culture>
                  <Text />
                </AttributeList>
              </MultilingualTextItem>
            </ObjectList>
          </MultilingualText>
        </ObjectList>
      </SW.Tags.PlcTag>
      <SW.Tags.PlcTag ID="37" CompositionName="Tags">
        <AttributeList>
          <DataTypeName>DInt</DataTypeName>
          <ExternalAccessible>true</ExternalAccessible>
          <ExternalVisible>true</ExternalVisible>
          <ExternalWritable>true</ExternalWritable>
          <LogicalAddress>%QD10</LogicalAddress>
          <Name>qIO_iS1ProcessTimeLeft</Name>
        </AttributeList>
        <ObjectList>
          <MultilingualText ID="38" CompositionName="Comment">
            <ObjectList>
              <MultilingualTextItem ID="39" CompositionName="Items">
                <AttributeList>
                  <Culture>en-US</Culture>
                  <Text />
                </AttributeList>
              </MultilingualTextItem>
            </ObjectList>
          </MultilingualText>
        </ObjectList>
      </SW.Tags.PlcTag>
      <SW.Tags.PlcTag ID="3A" CompositionName="Tags">
        <AttributeList>
          <DataTypeName>Bool</DataTypeName>
          <ExternalAccessible>true</ExternalAccessible>
          <ExternalVisible>true</ExternalVisible>
          <ExternalWritable>true</ExternalWritable>
          <LogicalAddress>%Q2.2</LogicalAddress>
          <Name>qIO_xS2ProcessLight</Name>
        </AttributeList>
        <ObjectList>
          <MultilingualText ID="3B" CompositionName="Comment">
            <ObjectList>
              <MultilingualTextItem ID="3C" CompositionName="Items">
                <AttributeList>
                  <Culture>en-US</Culture>
                  <Text />
                </AttributeList>
              </MultilingualTextItem>
            </ObjectList>
          </MultilingualText>
        </ObjectList>
      </SW.Tags.PlcTag>
      <SW.Tags.PlcTag ID="3D" CompositionName="Tags">
        <AttributeList>
          <DataTypeName>DInt</DataTypeName>
          <ExternalAccessible>true</ExternalAccessible>
          <ExternalVisible>true</ExternalVisible>
          <ExternalWritable>true</ExternalWritable>
          <LogicalAddress>%QD14</LogicalAddress>
          <Name>qIO_iS2ProcessTimeLeft</Name>
        </AttributeList>
        <ObjectList>
          <MultilingualText ID="3E" CompositionName="Comment">
            <ObjectList>
              <MultilingualTextItem ID="3F" CompositionName="Items">
                <AttributeList>
                  <Culture>en-US</Culture>
                  <Text />
                </AttributeList>
              </MultilingualTextItem>
            </ObjectList>
          </MultilingualText>
        </ObjectList>
      </SW.Tags.PlcTag>
      <SW.Tags.PlcTag ID="40" CompositionName="Tags">
        <AttributeList>
          <DataTypeName>Bool</DataTypeName>
          <ExternalAccessible>true</ExternalAccessible>
          <ExternalVisible>true</ExternalVisible>
          <ExternalWritable>true</ExternalWritable>
          <LogicalAddress>%Q2.3</LogicalAddress>
          <Name>qIO_xS3ProcessLight</Name>
        </AttributeList>
        <ObjectList>
          <MultilingualText ID="41" CompositionName="Comment">
            <ObjectList>
              <MultilingualTextItem ID="42" CompositionName="Items">
                <AttributeList>
                  <Culture>en-US</Culture>
                  <Text />
                </AttributeList>
              </MultilingualTextItem>
            </ObjectList>
          </MultilingualText>
        </ObjectList>
      </SW.Tags.PlcTag>
      <SW.Tags.PlcTag ID="43" CompositionName="Tags">
        <AttributeList>
          <DataTypeName>DInt</DataTypeName>
          <ExternalAccessible>true</ExternalAccessible>
          <ExternalVisible>true</ExternalVisible>
          <ExternalWritable>true</ExternalWritable>
          <LogicalAddress>%QD18</LogicalAddress>
          <Name>qIO_iS3ProcessTimeLeft</Name>
        </AttributeList>
        <ObjectList>
          <MultilingualText ID="44" CompositionName="Comment">
            <ObjectList>
              <MultilingualTextItem ID="45" CompositionName="Items">
                <AttributeList>
                  <Culture>en-US</Culture>
                  <Text />
                </AttributeList>
              </MultilingualTextItem>
            </ObjectList>
          </MultilingualText>
        </ObjectList>
      </SW.Tags.PlcTag>
      <SW.Tags.PlcTag ID="46" CompositionName="Tags">
        <AttributeList>
          <DataTypeName>Bool</DataTypeName>
          <ExternalAccessible>true</ExternalAccessible>
          <ExternalVisible>true</ExternalVisible>
          <ExternalWritable>true</ExternalWritable>
          <LogicalAddress>%Q2.4</LogicalAddress>
          <Name>qIO_xSupplyGetMaterial</Name>
        </AttributeList>
        <ObjectList>
          <MultilingualText ID="47" CompositionName="Comment">
            <ObjectList>
              <MultilingualTextItem ID="48" CompositionName="Items">
                <AttributeList>
                  <Culture>en-US</Culture>
                  <Text />
                </AttributeList>
              </MultilingualTextItem>
            </ObjectList>
          </MultilingualText>
        </ObjectList>
      </SW.Tags.PlcTag>
    </ObjectList>
  </SW.Tags.PlcTagTable>
</Document>