﻿<?xml version="1.0" encoding="utf-8"?>
<Document>
  <Engineering version="V16" />
  <DocumentInfo>
    <Created>2025-12-18T09:29:15.4872762Z</Created>
    <ExportSetting>WithDefaults</ExportSetting>
    <InstalledProducts>
      <Product>
        <DisplayName>Totally Integrated Automation Portal</DisplayName>
        <DisplayVersion>V16</DisplayVersion>
      </Product>
      <OptionPackage>
        <DisplayName>TIA Portal Version Control Interface</DisplayName>
        <DisplayVersion>V16</DisplayVersion>
      </OptionPackage>
      <OptionPackage>
        <DisplayName>TIA Portal Openness</DisplayName>
        <DisplayVersion>V16</DisplayVersion>
      </OptionPackage>
      <Product>
        <DisplayName>STEP 7 Professional</DisplayName>
        <DisplayVersion>V16</DisplayVersion>
      </Product>
      <OptionPackage>
        <DisplayName>STEP 7 Safety</DisplayName>
        <DisplayVersion>V16</DisplayVersion>
      </OptionPackage>
      <Product>
        <DisplayName>WinCC Advanced</DisplayName>
        <DisplayVersion>V16</DisplayVersion>
      </Product>
    </InstalledProducts>
  </DocumentInfo>
  <SW.Blocks.FB ID="0">
    <AttributeList>
      <AutoNumber>true</AutoNumber>
      <HeaderAuthor />
      <HeaderFamily />
      <HeaderName />
      <HeaderVersion>0.1</HeaderVersion>
      <Interface><Sections xmlns="http://www.siemens.com/automation/Openness/SW/Interface/v4">
  <Section Name="Input">
    <Member Name="xEntrySensor" Datatype="Bool" Remanence="NonRetain" Accessibility="Public"><AttributeList><BooleanAttribute Name="ExternalAccessible" SystemDefined="true">false</BooleanAttribute><BooleanAttribute Name="ExternalVisible" SystemDefined="true">false</BooleanAttribute><BooleanAttribute Name="ExternalWritable" SystemDefined="true">false</BooleanAttribute></AttributeList></Member>
    <Member Name="xExitSensor" Datatype="Bool" Remanence="NonRetain" Accessibility="Public"><AttributeList><BooleanAttribute Name="ExternalAccessible" SystemDefined="true">false</BooleanAttribute><BooleanAttribute Name="ExternalVisible" SystemDefined="true">false</BooleanAttribute><BooleanAttribute Name="ExternalWritable" SystemDefined="true">false</BooleanAttribute></AttributeList></Member>
    <Member Name="xPositionerSensor" Datatype="Bool" Remanence="NonRetain" Accessibility="Public"><AttributeList><BooleanAttribute Name="ExternalAccessible" SystemDefined="true">false</BooleanAttribute><BooleanAttribute Name="ExternalVisible" SystemDefined="true">false</BooleanAttribute><BooleanAttribute Name="ExternalWritable" SystemDefined="true">false</BooleanAttribute></AttributeList></Member>
    <Member Name="xQueueSensor" Datatype="Bool" Remanence="NonRetain" Accessibility="Public"><AttributeList><BooleanAttribute Name="ExternalAccessible" SystemDefined="true">false</BooleanAttribute><BooleanAttribute Name="ExternalVisible" SystemDefined="true">false</BooleanAttribute><BooleanAttribute Name="ExternalWritable" SystemDefined="true">false</BooleanAttribute></AttributeList></Member>
    <Member Name="xInProcess" Datatype="Bool" Remanence="NonRetain" Accessibility="Public"><AttributeList><BooleanAttribute Name="ExternalAccessible" SystemDefined="true">true</BooleanAttribute><BooleanAttribute Name="ExternalVisible" SystemDefined="true">true</BooleanAttribute><BooleanAttribute Name="ExternalWritable" SystemDefined="true">true</BooleanAttribute></AttributeList></Member>
  </Section>
  <Section Name="Output" />
  <Section Name="InOut">
    <Member Name="xConveyor1" Datatype="Bool" Remanence="NonRetain" Accessibility="Public"><AttributeList><BooleanAttribute Name="ExternalAccessible" SystemDefined="true">false</BooleanAttribute><BooleanAttribute Name="ExternalVisible" SystemDefined="true">false</BooleanAttribute><BooleanAttribute Name="ExternalWritable" SystemDefined="true">false</BooleanAttribute></AttributeList></Member>
    <Member Name="xConveyor2" Datatype="Bool" Remanence="NonRetain" Accessibility="Public"><AttributeList><BooleanAttribute Name="ExternalAccessible" SystemDefined="true">false</BooleanAttribute><BooleanAttribute Name="ExternalVisible" SystemDefined="true">false</BooleanAttribute><BooleanAttribute Name="ExternalWritable" SystemDefined="true">false</BooleanAttribute></AttributeList></Member>
    <Member Name="xConveyor3" Datatype="Bool" Remanence="NonRetain" Accessibility="Public"><AttributeList><BooleanAttribute Name="ExternalAccessible" SystemDefined="true">false</BooleanAttribute><BooleanAttribute Name="ExternalVisible" SystemDefined="true">false</BooleanAttribute><BooleanAttribute Name="ExternalWritable" SystemDefined="true">false</BooleanAttribute></AttributeList></Member>
  </Section>
  <Section Name="Static">
    <Member Name="xMaterialAtExit" Datatype="Bool" Remanence="NonRetain" Accessibility="Public"><AttributeList><BooleanAttribute Name="ExternalAccessible" SystemDefined="true">true</BooleanAttribute><BooleanAttribute Name="ExternalVisible" SystemDefined="true">true</BooleanAttribute><BooleanAttribute Name="ExternalWritable" SystemDefined="true">true</BooleanAttribute><BooleanAttribute Name="SetPoint" SystemDefined="true">false</BooleanAttribute></AttributeList></Member>
    <Member Name="xMaterialAtPositioner" Datatype="Bool" Remanence="NonRetain" Accessibility="Public"><AttributeList><BooleanAttribute Name="ExternalAccessible" SystemDefined="true">true</BooleanAttribute><BooleanAttribute Name="ExternalVisible" SystemDefined="true">true</BooleanAttribute><BooleanAttribute Name="ExternalWritable" SystemDefined="true">true</BooleanAttribute><BooleanAttribute Name="SetPoint" SystemDefined="true">false</BooleanAttribute></AttributeList></Member>
    <Member Name="xProcessDone" Datatype="Bool" Remanence="NonRetain" Accessibility="Public"><AttributeList><BooleanAttribute Name="ExternalAccessible" SystemDefined="true">true</BooleanAttribute><BooleanAttribute Name="ExternalVisible" SystemDefined="true">true</BooleanAttribute><BooleanAttribute Name="ExternalWritable" SystemDefined="true">true</BooleanAttribute><BooleanAttribute Name="SetPoint" SystemDefined="true">false</BooleanAttribute></AttributeList></Member>
    <Member Name="xEdgeMemory1" Datatype="Bool" Remanence="NonRetain" Accessibility="Public"><AttributeList><BooleanAttribute Name="ExternalAccessible" SystemDefined="true">false</BooleanAttribute><BooleanAttribute Name="ExternalVisible" SystemDefined="true">false</BooleanAttribute><BooleanAttribute Name="ExternalWritable" SystemDefined="true">false</BooleanAttribute><BooleanAttribute Name="SetPoint" SystemDefined="true">false</BooleanAttribute></AttributeList></Member>
    <Member Name="xEdgeMemory2" Datatype="Bool" Remanence="NonRetain" Accessibility="Public"><AttributeList><BooleanAttribute Name="ExternalAccessible" SystemDefined="true">false</BooleanAttribute><BooleanAttribute Name="ExternalVisible" SystemDefined="true">false</BooleanAttribute><BooleanAttribute Name="ExternalWritable" SystemDefined="true">false</BooleanAttribute><BooleanAttribute Name="SetPoint" SystemDefined="true">false</BooleanAttribute></AttributeList><StartValue>false</StartValue></Member>
    <Member Name="xEdgeMemory3" Datatype="Bool" Remanence="NonRetain" Accessibility="Public"><AttributeList><BooleanAttribute Name="ExternalAccessible" SystemDefined="true">false</BooleanAttribute><BooleanAttribute Name="ExternalVisible" SystemDefined="true">false</BooleanAttribute><BooleanAttribute Name="ExternalWritable" SystemDefined="true">false</BooleanAttribute><BooleanAttribute Name="SetPoint" SystemDefined="true">false</BooleanAttribute></AttributeList><StartValue>false</StartValue></Member>
    <Member Name="xEdgeMemory4" Datatype="Bool" Remanence="NonRetain" Accessibility="Public"><AttributeList><BooleanAttribute Name="ExternalAccessible" SystemDefined="true">false</BooleanAttribute><BooleanAttribute Name="ExternalVisible" SystemDefined="true">false</BooleanAttribute><BooleanAttribute Name="ExternalWritable" SystemDefined="true">false</BooleanAttribute><BooleanAttribute Name="SetPoint" SystemDefined="true">false</BooleanAttribute></AttributeList><StartValue>false</StartValue></Member>
    <Member Name="xEdgeMemory5" Datatype="Bool" Remanence="NonRetain" Accessibility="Public"><AttributeList><BooleanAttribute Name="ExternalAccessible" SystemDefined="true">true</BooleanAttribute><BooleanAttribute Name="ExternalVisible" SystemDefined="true">true</BooleanAttribute><BooleanAttribute Name="ExternalWritable" SystemDefined="true">true</BooleanAttribute><BooleanAttribute Name="SetPoint" SystemDefined="true">false</BooleanAttribute></AttributeList></Member>
  </Section>
  <Section Name="Temp" />
  <Section Name="Constant" />
</Sections></Interface>
      <IsIECCheckEnabled>false</IsIECCheckEnabled>
      <IsRetainMemResEnabled>false</IsRetainMemResEnabled>
      <MemoryLayout>Optimized</MemoryLayout>
      <MemoryReserve>100</MemoryReserve>
      <Name>StationConveyorControl</Name>
      <Number>5</Number>
      <ProgrammingLanguage>LAD</ProgrammingLanguage>
      <SetENOAutomatically>false</SetENOAutomatically>
      <UDABlockProperties />
      <UDAEnableTagReadback>false</UDAEnableTagReadback>
    </AttributeList>
    <ObjectList>
      <MultilingualText ID="1" CompositionName="Comment">
        <ObjectList>
          <MultilingualTextItem ID="2" CompositionName="Items">
            <AttributeList>
              <Culture>en-US</Culture>
              <Text />
            </AttributeList>
          </MultilingualTextItem>
        </ObjectList>
      </MultilingualText>
      <SW.Blocks.CompileUnit ID="3" CompositionName="CompileUnits">
        <AttributeList>
          <NetworkSource><FlgNet xmlns="http://www.siemens.com/automation/Openness/SW/NetworkSource/FlgNet/v4">
  <Parts>
    <Access Scope="LocalVariable" UId="21">
      <Symbol>
        <Component Name="xEntrySensor" />
      </Symbol>
    </Access>
    <Access Scope="LocalVariable" UId="22">
      <Symbol>
        <Component Name="xQueueSensor" />
      </Symbol>
    </Access>
    <Access Scope="LocalVariable" UId="23">
      <Symbol>
        <Component Name="xConveyor1" />
      </Symbol>
    </Access>
    <Access Scope="LocalVariable" UId="24">
      <Symbol>
        <Component Name="xEntrySensor" />
      </Symbol>
    </Access>
    <Access Scope="LocalVariable" UId="25">
      <Symbol>
        <Component Name="xEdgeMemory1" />
      </Symbol>
    </Access>
    <Access Scope="LocalVariable" UId="26">
      <Symbol>
        <Component Name="xMaterialAtPositioner" />
      </Symbol>
    </Access>
    <Access Scope="LocalVariable" UId="27">
      <Symbol>
        <Component Name="xConveyor1" />
      </Symbol>
    </Access>
    <Access Scope="LocalVariable" UId="28">
      <Symbol>
        <Component Name="xEntrySensor" />
      </Symbol>
    </Access>
    <Access Scope="LocalVariable" UId="29">
      <Symbol>
        <Component Name="xMaterialAtPositioner" />
      </Symbol>
    </Access>
    <Access Scope="LocalVariable" UId="30">
      <Symbol>
        <Component Name="xConveyor2" />
      </Symbol>
    </Access>
    <Access Scope="LocalVariable" UId="31">
      <Symbol>
        <Component Name="xConveyor1" />
      </Symbol>
    </Access>
    <Access Scope="LocalVariable" UId="32">
      <Symbol>
        <Component Name="xMaterialAtPositioner" />
      </Symbol>
    </Access>
    <Part Name="Contact" UId="33">
      <Negated Name="operand" />
    </Part>
    <Part Name="Contact" UId="34" />
    <Part Name="SCoil" UId="35" />
    <Part Name="PContact" UId="36" />
    <Part Name="Contact" UId="37" />
    <Part Name="RCoil" UId="38" />
    <Part Name="Contact" UId="39" />
    <Part Name="Contact" UId="40">
      <Negated Name="operand" />
    </Part>
    <Part Name="SCoil" UId="41" />
    <Part Name="SCoil" UId="42" />
    <Part Name="SCoil" UId="43" />
  </Parts>
  <Wires>
    <Wire UId="44">
      <Powerrail />
      <NameCon UId="33" Name="in" />
      <NameCon UId="36" Name="pre" />
      <NameCon UId="39" Name="in" />
    </Wire>
    <Wire UId="45">
      <IdentCon UId="21" />
      <NameCon UId="33" Name="operand" />
    </Wire>
    <Wire UId="46">
      <NameCon UId="33" Name="out" />
      <NameCon UId="34" Name="in" />
    </Wire>
    <Wire UId="47">
      <IdentCon UId="22" />
      <NameCon UId="34" Name="operand" />
    </Wire>
    <Wire UId="48">
      <NameCon UId="34" Name="out" />
      <NameCon UId="35" Name="in" />
    </Wire>
    <Wire UId="49">
      <IdentCon UId="23" />
      <NameCon UId="35" Name="operand" />
    </Wire>
    <Wire UId="50">
      <IdentCon UId="25" />
      <NameCon UId="36" Name="bit" />
    </Wire>
    <Wire UId="51">
      <IdentCon UId="24" />
      <NameCon UId="36" Name="operand" />
    </Wire>
    <Wire UId="52">
      <NameCon UId="36" Name="out" />
      <NameCon UId="37" Name="in" />
    </Wire>
    <Wire UId="53">
      <IdentCon UId="26" />
      <NameCon UId="37" Name="operand" />
    </Wire>
    <Wire UId="54">
      <NameCon UId="37" Name="out" />
      <NameCon UId="38" Name="in" />
    </Wire>
    <Wire UId="55">
      <IdentCon UId="27" />
      <NameCon UId="38" Name="operand" />
    </Wire>
    <Wire UId="56">
      <IdentCon UId="28" />
      <NameCon UId="39" Name="operand" />
    </Wire>
    <Wire UId="57">
      <NameCon UId="39" Name="out" />
      <NameCon UId="40" Name="in" />
    </Wire>
    <Wire UId="58">
      <IdentCon UId="29" />
      <NameCon UId="40" Name="operand" />
    </Wire>
    <Wire UId="59">
      <NameCon UId="40" Name="out" />
      <NameCon UId="41" Name="in" />
      <NameCon UId="42" Name="in" />
      <NameCon UId="43" Name="in" />
    </Wire>
    <Wire UId="60">
      <IdentCon UId="30" />
      <NameCon UId="41" Name="operand" />
    </Wire>
    <Wire UId="61">
      <IdentCon UId="31" />
      <NameCon UId="42" Name="operand" />
    </Wire>
    <Wire UId="62">
      <IdentCon UId="32" />
      <NameCon UId="43" Name="operand" />
    </Wire>
  </Wires>
</FlgNet></NetworkSource>
          <ProgrammingLanguage>LAD</ProgrammingLanguage>
        </AttributeList>
        <ObjectList>
          <MultilingualText ID="4" CompositionName="Comment">
            <ObjectList>
              <MultilingualTextItem ID="5" CompositionName="Items">
                <AttributeList>
                  <Culture>en-US</Culture>
                  <Text />
                </AttributeList>
              </MultilingualTextItem>
            </ObjectList>
          </MultilingualText>
          <MultilingualText ID="6" CompositionName="Title">
            <ObjectList>
              <MultilingualTextItem ID="7" CompositionName="Items">
                <AttributeList>
                  <Culture>en-US</Culture>
                  <Text />
                </AttributeList>
              </MultilingualTextItem>
            </ObjectList>
          </MultilingualText>
        </ObjectList>
      </SW.Blocks.CompileUnit>
      <SW.Blocks.CompileUnit ID="8" CompositionName="CompileUnits">
        <AttributeList>
          <NetworkSource><FlgNet xmlns="http://www.siemens.com/automation/Openness/SW/NetworkSource/FlgNet/v4">
  <Parts>
    <Access Scope="LocalVariable" UId="21">
      <Symbol>
        <Component Name="xPositionerSensor" />
      </Symbol>
    </Access>
    <Access Scope="LocalVariable" UId="22">
      <Symbol>
        <Component Name="xEdgeMemory2" />
      </Symbol>
    </Access>
    <Access Scope="LocalVariable" UId="23">
      <Symbol>
        <Component Name="xConveyor2" />
      </Symbol>
    </Access>
    <Part Name="PContact" UId="24" />
    <Part Name="RCoil" UId="25" />
  </Parts>
  <Wires>
    <Wire UId="26">
      <Powerrail />
      <NameCon UId="24" Name="pre" />
    </Wire>
    <Wire UId="27">
      <IdentCon UId="22" />
      <NameCon UId="24" Name="bit" />
    </Wire>
    <Wire UId="28">
      <IdentCon UId="21" />
      <NameCon UId="24" Name="operand" />
    </Wire>
    <Wire UId="29">
      <NameCon UId="24" Name="out" />
      <NameCon UId="25" Name="in" />
    </Wire>
    <Wire UId="30">
      <IdentCon UId="23" />
      <NameCon UId="25" Name="operand" />
    </Wire>
  </Wires>
</FlgNet></NetworkSource>
          <ProgrammingLanguage>LAD</ProgrammingLanguage>
        </AttributeList>
        <ObjectList>
          <MultilingualText ID="9" CompositionName="Comment">
            <ObjectList>
              <MultilingualTextItem ID="A" CompositionName="Items">
                <AttributeList>
                  <Culture>en-US</Culture>
                  <Text />
                </AttributeList>
              </MultilingualTextItem>
            </ObjectList>
          </MultilingualText>
          <MultilingualText ID="B" CompositionName="Title">
            <ObjectList>
              <MultilingualTextItem ID="C" CompositionName="Items">
                <AttributeList>
                  <Culture>en-US</Culture>
                  <Text />
                </AttributeList>
              </MultilingualTextItem>
            </ObjectList>
          </MultilingualText>
        </ObjectList>
      </SW.Blocks.CompileUnit>
      <SW.Blocks.CompileUnit ID="D" CompositionName="CompileUnits">
        <AttributeList>
          <NetworkSource><FlgNet xmlns="http://www.siemens.com/automation/Openness/SW/NetworkSource/FlgNet/v4">
  <Parts>
    <Access Scope="LocalVariable" UId="21">
      <Symbol>
        <Component Name="xInProcess" />
      </Symbol>
    </Access>
    <Access Scope="LocalVariable" UId="22">
      <Symbol>
        <Component Name="xEdgeMemory3" />
      </Symbol>
    </Access>
    <Access Scope="LocalVariable" UId="23">
      <Symbol>
        <Component Name="xProcessDone" />
      </Symbol>
    </Access>
    <Access Scope="LocalVariable" UId="24">
      <Symbol>
        <Component Name="xProcessDone" />
      </Symbol>
    </Access>
    <Access Scope="LocalVariable" UId="25">
      <Symbol>
        <Component Name="xMaterialAtExit" />
      </Symbol>
    </Access>
    <Access Scope="LocalVariable" UId="26">
      <Symbol>
        <Component Name="xConveyor2" />
      </Symbol>
    </Access>
    <Access Scope="LocalVariable" UId="27">
      <Symbol>
        <Component Name="xConveyor3" />
      </Symbol>
    </Access>
    <Access Scope="LocalVariable" UId="28">
      <Symbol>
        <Component Name="xExitSensor" />
      </Symbol>
    </Access>
    <Access Scope="LocalVariable" UId="29">
      <Symbol>
        <Component Name="xEdgeMemory4" />
      </Symbol>
    </Access>
    <Access Scope="LocalVariable" UId="30">
      <Symbol>
        <Component Name="xProcessDone" />
      </Symbol>
    </Access>
    <Access Scope="LocalVariable" UId="31">
      <Symbol>
        <Component Name="xMaterialAtPositioner" />
      </Symbol>
    </Access>
    <Access Scope="LocalVariable" UId="32">
      <Symbol>
        <Component Name="xConveyor3" />
      </Symbol>
    </Access>
    <Access Scope="LocalVariable" UId="33">
      <Symbol>
        <Component Name="xMaterialAtExit" />
      </Symbol>
    </Access>
    <Access Scope="LocalVariable" UId="34">
      <Symbol>
        <Component Name="xExitSensor" />
      </Symbol>
    </Access>
    <Access Scope="LocalVariable" UId="35">
      <Symbol>
        <Component Name="xEdgeMemory5" />
      </Symbol>
    </Access>
    <Access Scope="LocalVariable" UId="36">
      <Symbol>
        <Component Name="xMaterialAtExit" />
      </Symbol>
    </Access>
    <Part Name="NContact" UId="37" />
    <Part Name="SCoil" UId="38" />
    <Part Name="Contact" UId="39" />
    <Part Name="Contact" UId="40">
      <Negated Name="operand" />
    </Part>
    <Part Name="SCoil" UId="41" />
    <Part Name="SCoil" UId="42" />
    <Part Name="PContact" UId="43" />
    <Part Name="RCoil" UId="44" />
    <Part Name="RCoil" UId="45" />
    <Part Name="RCoil" UId="46" />
    <Part Name="SCoil" UId="47" />
    <Part Name="NContact" UId="48" />
    <Part Name="RCoil" UId="49" />
  </Parts>
  <Wires>
    <Wire UId="50">
      <Powerrail />
      <NameCon UId="37" Name="pre" />
      <NameCon UId="39" Name="in" />
      <NameCon UId="43" Name="pre" />
      <NameCon UId="48" Name="pre" />
    </Wire>
    <Wire UId="51">
      <IdentCon UId="22" />
      <NameCon UId="37" Name="bit" />
    </Wire>
    <Wire UId="52">
      <IdentCon UId="21" />
      <NameCon UId="37" Name="operand" />
    </Wire>
    <Wire UId="53">
      <NameCon UId="37" Name="out" />
      <NameCon UId="38" Name="in" />
    </Wire>
    <Wire UId="54">
      <IdentCon UId="23" />
      <NameCon UId="38" Name="operand" />
    </Wire>
    <Wire UId="55">
      <IdentCon UId="24" />
      <NameCon UId="39" Name="operand" />
    </Wire>
    <Wire UId="56">
      <NameCon UId="39" Name="out" />
      <NameCon UId="40" Name="in" />
    </Wire>
    <Wire UId="57">
      <IdentCon UId="25" />
      <NameCon UId="40" Name="operand" />
    </Wire>
    <Wire UId="58">
      <NameCon UId="40" Name="out" />
      <NameCon UId="41" Name="in" />
      <NameCon UId="42" Name="in" />
    </Wire>
    <Wire UId="59">
      <IdentCon UId="26" />
      <NameCon UId="41" Name="operand" />
    </Wire>
    <Wire UId="60">
      <IdentCon UId="27" />
      <NameCon UId="42" Name="operand" />
    </Wire>
    <Wire UId="61">
      <IdentCon UId="29" />
      <NameCon UId="43" Name="bit" />
    </Wire>
    <Wire UId="62">
      <IdentCon UId="28" />
      <NameCon UId="43" Name="operand" />
    </Wire>
    <Wire UId="63">
      <NameCon UId="43" Name="out" />
      <NameCon UId="44" Name="in" />
      <NameCon UId="45" Name="in" />
      <NameCon UId="46" Name="in" />
      <NameCon UId="47" Name="in" />
    </Wire>
    <Wire UId="64">
      <IdentCon UId="30" />
      <NameCon UId="44" Name="operand" />
    </Wire>
    <Wire UId="65">
      <IdentCon UId="31" />
      <NameCon UId="45" Name="operand" />
    </Wire>
    <Wire UId="66">
      <IdentCon UId="32" />
      <NameCon UId="46" Name="operand" />
    </Wire>
    <Wire UId="67">
      <IdentCon UId="33" />
      <NameCon UId="47" Name="operand" />
    </Wire>
    <Wire UId="68">
      <IdentCon UId="35" />
      <NameCon UId="48" Name="bit" />
    </Wire>
    <Wire UId="69">
      <IdentCon UId="34" />
      <NameCon UId="48" Name="operand" />
    </Wire>
    <Wire UId="70">
      <NameCon UId="48" Name="out" />
      <NameCon UId="49" Name="in" />
    </Wire>
    <Wire UId="71">
      <IdentCon UId="36" />
      <NameCon UId="49" Name="operand" />
    </Wire>
  </Wires>
</FlgNet></NetworkSource>
          <ProgrammingLanguage>LAD</ProgrammingLanguage>
        </AttributeList>
        <ObjectList>
          <MultilingualText ID="E" CompositionName="Comment">
            <ObjectList>
              <MultilingualTextItem ID="F" CompositionName="Items">
                <AttributeList>
                  <Culture>en-US</Culture>
                  <Text />
                </AttributeList>
              </MultilingualTextItem>
            </ObjectList>
          </MultilingualText>
          <MultilingualText ID="10" CompositionName="Title">
            <ObjectList>
              <MultilingualTextItem ID="11" CompositionName="Items">
                <AttributeList>
                  <Culture>en-US</Culture>
                  <Text />
                </AttributeList>
              </MultilingualTextItem>
            </ObjectList>
          </MultilingualText>
        </ObjectList>
      </SW.Blocks.CompileUnit>
      <SW.Blocks.CompileUnit ID="12" CompositionName="CompileUnits">
        <AttributeList>
          <NetworkSource />
          <ProgrammingLanguage>LAD</ProgrammingLanguage>
        </AttributeList>
        <ObjectList>
          <MultilingualText ID="13" CompositionName="Comment">
            <ObjectList>
              <MultilingualTextItem ID="14" CompositionName="Items">
                <AttributeList>
                  <Culture>en-US</Culture>
                  <Text />
                </AttributeList>
              </MultilingualTextItem>
            </ObjectList>
          </MultilingualText>
          <MultilingualText ID="15" CompositionName="Title">
            <ObjectList>
              <MultilingualTextItem ID="16" CompositionName="Items">
                <AttributeList>
                  <Culture>en-US</Culture>
                  <Text />
                </AttributeList>
              </MultilingualTextItem>
            </ObjectList>
          </MultilingualText>
        </ObjectList>
      </SW.Blocks.CompileUnit>
      <MultilingualText ID="17" CompositionName="Title">
        <ObjectList>
          <MultilingualTextItem ID="18" CompositionName="Items">
            <AttributeList>
              <Culture>en-US</Culture>
              <Text />
            </AttributeList>
          </MultilingualTextItem>
        </ObjectList>
      </MultilingualText>
    </ObjectList>
  </SW.Blocks.FB>
</Document>