﻿<?xml version="1.0" encoding="utf-8"?>
<Document>
  <Engineering version="V16" />
  <DocumentInfo>
    <Created>2025-12-18T09:29:18.3028562Z</Created>
    <ExportSetting>WithDefaults</ExportSetting>
    <InstalledProducts>
      <Product>
        <DisplayName>Totally Integrated Automation Portal</DisplayName>
        <DisplayVersion>V16</DisplayVersion>
      </Product>
      <OptionPackage>
        <DisplayName>TIA Portal Version Control Interface</DisplayName>
        <DisplayVersion>V16</DisplayVersion>
      </OptionPackage>
      <OptionPackage>
        <DisplayName>TIA Portal Openness</DisplayName>
        <DisplayVersion>V16</DisplayVersion>
      </OptionPackage>
      <Product>
        <DisplayName>STEP 7 Professional</DisplayName>
        <DisplayVersion>V16</DisplayVersion>
      </Product>
      <OptionPackage>
        <DisplayName>STEP 7 Safety</DisplayName>
        <DisplayVersion>V16</DisplayVersion>
      </OptionPackage>
      <Product>
        <DisplayName>WinCC Advanced</DisplayName>
        <DisplayVersion>V16</DisplayVersion>
      </Product>
    </InstalledProducts>
  </DocumentInfo>
  <SW.Blocks.GlobalDB ID="0">
    <AttributeList>
      <AutoNumber>true</AutoNumber>
      <DBAccessibleFromOPCUA>true</DBAccessibleFromOPCUA>
      <HeaderAuthor />
      <HeaderFamily />
      <HeaderName />
      <HeaderVersion>0.1</HeaderVersion>
      <Interface><Sections xmlns="http://www.siemens.com/automation/Openness/SW/Interface/v4">
  <Section Name="Static">
    <Member Name="Station1" Datatype="&quot;UDT WorkStation&quot;" Remanence="NonRetain" Accessibility="Public"><AttributeList><BooleanAttribute Name="ExternalAccessible" SystemDefined="true">true</BooleanAttribute><BooleanAttribute Name="ExternalVisible" SystemDefined="true">true</BooleanAttribute><BooleanAttribute Name="ExternalWritable" SystemDefined="true">true</BooleanAttribute><BooleanAttribute Name="SetPoint" SystemDefined="true">false</BooleanAttribute></AttributeList><Sections><Section Name="None"><Member Name="Status" Datatype="Struct"><Member Name="xEntrySensorStatus" Datatype="Bool" /><Member Name="xExitSensorStatus" Datatype="Bool" /><Member Name="xInProcess" Datatype="Bool" /><Member Name="tProcessTime" Datatype="Time"><StartValue>T#0MS</StartValue></Member><Member Name="diProcessTimeDone" Datatype="DInt" /></Member><Member Name="Command" Datatype="Struct"><Member Name="xRequestData" Datatype="Bool" /></Member><Member Name="Fault" Datatype="Struct"><Member Name="xSpare" Datatype="Bool" /></Member></Section></Sections></Member>
    <Member Name="Station2" Datatype="&quot;UDT WorkStation&quot;" Remanence="NonRetain" Accessibility="Public"><AttributeList><BooleanAttribute Name="ExternalAccessible" SystemDefined="true">true</BooleanAttribute><BooleanAttribute Name="ExternalVisible" SystemDefined="true">true</BooleanAttribute><BooleanAttribute Name="ExternalWritable" SystemDefined="true">true</BooleanAttribute><BooleanAttribute Name="SetPoint" SystemDefined="true">true</BooleanAttribute></AttributeList><Sections><Section Name="None"><Member Name="Status" Datatype="Struct"><Member Name="xEntrySensorStatus" Datatype="Bool" /><Member Name="xExitSensorStatus" Datatype="Bool" /><Member Name="xInProcess" Datatype="Bool" /><Member Name="tProcessTime" Datatype="Time"><StartValue>T#0MS</StartValue></Member><Member Name="diProcessTimeDone" Datatype="DInt" /></Member><Member Name="Command" Datatype="Struct"><Member Name="xRequestData" Datatype="Bool" /></Member><Member Name="Fault" Datatype="Struct"><Member Name="xSpare" Datatype="Bool" /></Member></Section></Sections></Member>
    <Member Name="Station3" Datatype="&quot;UDT WorkStation&quot;" Remanence="NonRetain" Accessibility="Public"><AttributeList><BooleanAttribute Name="ExternalAccessible" SystemDefined="true">true</BooleanAttribute><BooleanAttribute Name="ExternalVisible" SystemDefined="true">true</BooleanAttribute><BooleanAttribute Name="ExternalWritable" SystemDefined="true">true</BooleanAttribute><BooleanAttribute Name="SetPoint" SystemDefined="true">true</BooleanAttribute></AttributeList><Sections><Section Name="None"><Member Name="Status" Datatype="Struct"><Member Name="xEntrySensorStatus" Datatype="Bool" /><Member Name="xExitSensorStatus" Datatype="Bool" /><Member Name="xInProcess" Datatype="Bool" /><Member Name="tProcessTime" Datatype="Time"><StartValue>T#0MS</StartValue></Member><Member Name="diProcessTimeDone" Datatype="DInt" /></Member><Member Name="Command" Datatype="Struct"><Member Name="xRequestData" Datatype="Bool" /></Member><Member Name="Fault" Datatype="Struct"><Member Name="xSpare" Datatype="Bool" /></Member></Section></Sections></Member>
    <Member Name="SupplyStation" Datatype="&quot;UDT SupplyStation&quot;" Remanence="NonRetain" Accessibility="Public"><AttributeList><BooleanAttribute Name="ExternalAccessible" SystemDefined="true">true</BooleanAttribute><BooleanAttribute Name="ExternalVisible" SystemDefined="true">true</BooleanAttribute><BooleanAttribute Name="ExternalWritable" SystemDefined="true">true</BooleanAttribute><BooleanAttribute Name="SetPoint" SystemDefined="true">true</BooleanAttribute></AttributeList><Sections><Section Name="None"><Member Name="Status" Datatype="Struct"><Member Name="xSpare" Datatype="Bool" /></Member><Member Name="Command" Datatype="Struct"><Member Name="xSupplyDataRequest" Datatype="Bool"><StartValue>true</StartValue></Member></Member><Member Name="Fault" Datatype="Struct"><Member Name="xSpare" Datatype="Bool" /></Member></Section></Sections></Member>
  </Section>
</Sections></Interface>
      <IsOnlyStoredInLoadMemory>false</IsOnlyStoredInLoadMemory>
      <IsRetainMemResEnabled>false</IsRetainMemResEnabled>
      <IsWriteProtectedInAS>false</IsWriteProtectedInAS>
      <MemoryLayout>Optimized</MemoryLayout>
      <MemoryReserve>100</MemoryReserve>
      <Name>DB Equipment</Name>
      <Number>4</Number>
      <ProgrammingLanguage>DB</ProgrammingLanguage>
    </AttributeList>
    <ObjectList>
      <MultilingualText ID="1" CompositionName="Comment">
        <ObjectList>
          <MultilingualTextItem ID="2" CompositionName="Items">
            <AttributeList>
              <Culture>en-US</Culture>
              <Text />
            </AttributeList>
          </MultilingualTextItem>
        </ObjectList>
      </MultilingualText>
      <MultilingualText ID="3" CompositionName="Title">
        <ObjectList>
          <MultilingualTextItem ID="4" CompositionName="Items">
            <AttributeList>
              <Culture>en-US</Culture>
              <Text />
            </AttributeList>
          </MultilingualTextItem>
        </ObjectList>
      </MultilingualText>
    </ObjectList>
  </SW.Blocks.GlobalDB>
</Document>