﻿<?xml version="1.0" encoding="utf-8"?>
<Document>
  <Engineering version="V16" />
  <DocumentInfo>
    <Created>2025-09-05T07:12:24.3207634Z</Created>
    <ExportSetting>WithDefaults</ExportSetting>
    <InstalledProducts>
      <Product>
        <DisplayName>Totally Integrated Automation Portal</DisplayName>
        <DisplayVersion>V16</DisplayVersion>
      </Product>
      <OptionPackage>
        <DisplayName>TIA Portal Version Control Interface</DisplayName>
        <DisplayVersion>V16</DisplayVersion>
      </OptionPackage>
      <OptionPackage>
        <DisplayName>TIA Portal Openness</DisplayName>
        <DisplayVersion>V16</DisplayVersion>
      </OptionPackage>
      <Product>
        <DisplayName>STEP 7 Professional</DisplayName>
        <DisplayVersion>V16</DisplayVersion>
      </Product>
      <OptionPackage>
        <DisplayName>STEP 7 Safety</DisplayName>
        <DisplayVersion>V16</DisplayVersion>
      </OptionPackage>
      <Product>
        <DisplayName>WinCC Advanced</DisplayName>
        <DisplayVersion>V16</DisplayVersion>
      </Product>
    </InstalledProducts>
  </DocumentInfo>
  <SW.Blocks.InstanceDB ID="0">
    <AttributeList>
      <AutoNumber>true</AutoNumber>
      <DBAccessibleFromOPCUA>true</DBAccessibleFromOPCUA>
      <HeaderAuthor />
      <HeaderFamily />
      <HeaderName />
      <HeaderVersion>0.1</HeaderVersion>
      <InstanceOfName>Work Station</InstanceOfName>
      <InstanceOfType>FB</InstanceOfType>
      <Interface><Sections xmlns="http://www.siemens.com/automation/Openness/SW/Interface/v4">
  <Section Name="Input">
    <Member Name="xEntrySensor" Datatype="Bool" Remanence="NonRetain" Accessibility="Public"><AttributeList><BooleanAttribute Name="ExternalAccessible" SystemDefined="true">false</BooleanAttribute><BooleanAttribute Name="ExternalVisible" SystemDefined="true">false</BooleanAttribute><BooleanAttribute Name="ExternalWritable" SystemDefined="true">false</BooleanAttribute></AttributeList></Member>
    <Member Name="xExitSensor" Datatype="Bool" Remanence="NonRetain" Accessibility="Public"><AttributeList><BooleanAttribute Name="ExternalAccessible" SystemDefined="true">false</BooleanAttribute><BooleanAttribute Name="ExternalVisible" SystemDefined="true">false</BooleanAttribute><BooleanAttribute Name="ExternalWritable" SystemDefined="true">false</BooleanAttribute></AttributeList></Member>
    <Member Name="xPositionerSensor" Datatype="Bool" Remanence="NonRetain" Accessibility="Public"><AttributeList><BooleanAttribute Name="ExternalAccessible" SystemDefined="true">false</BooleanAttribute><BooleanAttribute Name="ExternalVisible" SystemDefined="true">false</BooleanAttribute><BooleanAttribute Name="ExternalWritable" SystemDefined="true">false</BooleanAttribute></AttributeList></Member>
    <Member Name="xQueueSensor" Datatype="Bool" Remanence="NonRetain" Accessibility="Public"><AttributeList><BooleanAttribute Name="ExternalAccessible" SystemDefined="true">false</BooleanAttribute><BooleanAttribute Name="ExternalVisible" SystemDefined="true">false</BooleanAttribute><BooleanAttribute Name="ExternalWritable" SystemDefined="true">false</BooleanAttribute></AttributeList></Member>
    <Member Name="xClampSensor" Datatype="Bool" Remanence="NonRetain" Accessibility="Public"><AttributeList><BooleanAttribute Name="ExternalAccessible" SystemDefined="true">false</BooleanAttribute><BooleanAttribute Name="ExternalVisible" SystemDefined="true">false</BooleanAttribute><BooleanAttribute Name="ExternalWritable" SystemDefined="true">false</BooleanAttribute></AttributeList></Member>
  </Section>
  <Section Name="Output" />
  <Section Name="InOut">
    <Member Name="xConveyor1" Datatype="Bool" Remanence="NonRetain" Accessibility="Public"><AttributeList><BooleanAttribute Name="ExternalAccessible" SystemDefined="true">false</BooleanAttribute><BooleanAttribute Name="ExternalVisible" SystemDefined="true">false</BooleanAttribute><BooleanAttribute Name="ExternalWritable" SystemDefined="true">false</BooleanAttribute></AttributeList></Member>
    <Member Name="xConveyor2" Datatype="Bool" Remanence="NonRetain" Accessibility="Public"><AttributeList><BooleanAttribute Name="ExternalAccessible" SystemDefined="true">false</BooleanAttribute><BooleanAttribute Name="ExternalVisible" SystemDefined="true">false</BooleanAttribute><BooleanAttribute Name="ExternalWritable" SystemDefined="true">false</BooleanAttribute></AttributeList></Member>
    <Member Name="xConveyor3" Datatype="Bool" Remanence="NonRetain" Accessibility="Public"><AttributeList><BooleanAttribute Name="ExternalAccessible" SystemDefined="true">false</BooleanAttribute><BooleanAttribute Name="ExternalVisible" SystemDefined="true">false</BooleanAttribute><BooleanAttribute Name="ExternalWritable" SystemDefined="true">false</BooleanAttribute></AttributeList></Member>
    <Member Name="xPositionerClamp" Datatype="Bool" Remanence="NonRetain" Accessibility="Public"><AttributeList><BooleanAttribute Name="ExternalAccessible" SystemDefined="true">true</BooleanAttribute><BooleanAttribute Name="ExternalVisible" SystemDefined="true">true</BooleanAttribute><BooleanAttribute Name="ExternalWritable" SystemDefined="true">true</BooleanAttribute></AttributeList></Member>
    <Member Name="xPositionerRaise" Datatype="Bool" Remanence="NonRetain" Accessibility="Public"><AttributeList><BooleanAttribute Name="ExternalAccessible" SystemDefined="true">true</BooleanAttribute><BooleanAttribute Name="ExternalVisible" SystemDefined="true">true</BooleanAttribute><BooleanAttribute Name="ExternalWritable" SystemDefined="true">true</BooleanAttribute></AttributeList></Member>
    <Member Name="Work Station DB" Datatype="&quot;UDT WorkStation&quot;" Accessibility="Public">
      <Sections>
        <Section Name="None">
          <Member Name="Status" Datatype="Struct">
            <Member Name="xEntrySensorStatus" Datatype="Bool" />
            <Member Name="xExitSensorStatus" Datatype="Bool" />
            <Member Name="xInProcess" Datatype="Bool" />
            <Member Name="tProcessTime" Datatype="Time" />
            <Member Name="iProcessTimeDone" Datatype="Int" />
          </Member>
          <Member Name="Command" Datatype="Struct">
            <Member Name="xRequestData" Datatype="Bool" />
          </Member>
          <Member Name="Fault" Datatype="Struct">
            <Member Name="xSpare" Datatype="Bool" />
          </Member>
        </Section>
      </Sections>
    </Member>
  </Section>
  <Section Name="Static">
    <Member Name="StationConveyorControl_Instance" Datatype="&quot;StationConveyorControl&quot;" Accessibility="Public"><AttributeList><BooleanAttribute Name="ExternalAccessible" SystemDefined="true">true</BooleanAttribute><BooleanAttribute Name="ExternalVisible" SystemDefined="true">true</BooleanAttribute><BooleanAttribute Name="ExternalWritable" SystemDefined="true">true</BooleanAttribute><BooleanAttribute Name="SetPoint" SystemDefined="true">true</BooleanAttribute></AttributeList><Sections><Section Name="Input"><Member Name="xEntrySensor" Datatype="Bool" /><Member Name="xExitSensor" Datatype="Bool" /><Member Name="xPositionerSensor" Datatype="Bool" /><Member Name="xQueueSensor" Datatype="Bool" /><Member Name="xInProcess" Datatype="Bool" /></Section><Section Name="Output" /><Section Name="InOut"><Member Name="xConveyor1" Datatype="Bool" /><Member Name="xConveyor2" Datatype="Bool" /><Member Name="xConveyor3" Datatype="Bool" /></Section><Section Name="Static"><Member Name="xMaterialAtExit" Datatype="Bool" /><Member Name="xMaterialAtPositioner" Datatype="Bool" /><Member Name="xProcessDone" Datatype="Bool" /><Member Name="xEdgeMemory1" Datatype="Bool" /><Member Name="xEdgeMemory2" Datatype="Bool" /><Member Name="xEdgeMemory3" Datatype="Bool" /><Member Name="xEdgeMemory4" Datatype="Bool" /></Section></Sections></Member>
    <Member Name="StationProcessControl_Instance" Datatype="&quot;StationProcessControl&quot;" Accessibility="Public"><AttributeList><BooleanAttribute Name="ExternalAccessible" SystemDefined="true">true</BooleanAttribute><BooleanAttribute Name="ExternalVisible" SystemDefined="true">true</BooleanAttribute><BooleanAttribute Name="ExternalWritable" SystemDefined="true">true</BooleanAttribute><BooleanAttribute Name="SetPoint" SystemDefined="true">true</BooleanAttribute></AttributeList><Sections><Section Name="Input"><Member Name="xPositionerSensor" Datatype="Bool" /><Member Name="xClampSensor" Datatype="Bool" /><Member Name="tProcessTime" Datatype="Time" /></Section><Section Name="Output" /><Section Name="InOut"><Member Name="xPositionerClamp" Datatype="Bool" /><Member Name="xPositionerRaise" Datatype="Bool" /><Member Name="xInProcess" Datatype="Bool" /><Member Name="iProcessTimeLeft" Datatype="Int" /><Member Name="xRequestData" Datatype="Bool" /></Section><Section Name="Static"><Member Name="xEdgeMemory1" Datatype="Bool" /><Member Name="xEdgeMemory2" Datatype="Bool" /><Member Name="xEdgeMemory3" Datatype="Bool" /><Member Name="IEC_Timer_0_Instance" Datatype="TON_TIME" Version="1.0"><Sections><Section Name="None"><Member Name="PT" Datatype="Time" /><Member Name="ET" Datatype="Time" /><Member Name="IN" Datatype="Bool" /><Member Name="Q" Datatype="Bool" /></Section></Sections></Member></Section></Sections></Member>
  </Section>
</Sections></Interface>
      <Name>Work Station1_DB</Name>
      <Number>1</Number>
      <ProgrammingLanguage>DB</ProgrammingLanguage>
    </AttributeList>
    <ObjectList>
      <MultilingualText ID="1" CompositionName="Comment">
        <ObjectList>
          <MultilingualTextItem ID="2" CompositionName="Items">
            <AttributeList>
              <Culture>en-US</Culture>
              <Text />
            </AttributeList>
          </MultilingualTextItem>
        </ObjectList>
      </MultilingualText>
      <MultilingualText ID="3" CompositionName="Title">
        <ObjectList>
          <MultilingualTextItem ID="4" CompositionName="Items">
            <AttributeList>
              <Culture>en-US</Culture>
              <Text />
            </AttributeList>
          </MultilingualTextItem>
        </ObjectList>
      </MultilingualText>
    </ObjectList>
  </SW.Blocks.InstanceDB>
</Document>