﻿<?xml version="1.0" encoding="utf-8"?>
<Document>
  <Engineering version="V16" />
  <DocumentInfo>
    <Created>2025-12-18T09:29:14.6700175Z</Created>
    <ExportSetting>WithDefaults</ExportSetting>
    <InstalledProducts>
      <Product>
        <DisplayName>Totally Integrated Automation Portal</DisplayName>
        <DisplayVersion>V16</DisplayVersion>
      </Product>
      <OptionPackage>
        <DisplayName>TIA Portal Version Control Interface</DisplayName>
        <DisplayVersion>V16</DisplayVersion>
      </OptionPackage>
      <OptionPackage>
        <DisplayName>TIA Portal Openness</DisplayName>
        <DisplayVersion>V16</DisplayVersion>
      </OptionPackage>
      <Product>
        <DisplayName>STEP 7 Professional</DisplayName>
        <DisplayVersion>V16</DisplayVersion>
      </Product>
      <OptionPackage>
        <DisplayName>STEP 7 Safety</DisplayName>
        <DisplayVersion>V16</DisplayVersion>
      </OptionPackage>
      <Product>
        <DisplayName>WinCC Advanced</DisplayName>
        <DisplayVersion>V16</DisplayVersion>
      </Product>
    </InstalledProducts>
  </DocumentInfo>
  <SW.Blocks.FB ID="0">
    <AttributeList>
      <AutoNumber>true</AutoNumber>
      <HeaderAuthor />
      <HeaderFamily />
      <HeaderName />
      <HeaderVersion>0.1</HeaderVersion>
      <Interface><Sections xmlns="http://www.siemens.com/automation/Openness/SW/Interface/v4">
  <Section Name="Input" />
  <Section Name="Output" />
  <Section Name="InOut" />
  <Section Name="Static">
    <Member Name="xMaterialOnConveyor" Datatype="Bool" Remanence="NonRetain" Accessibility="Public"><AttributeList><BooleanAttribute Name="ExternalAccessible" SystemDefined="true">true</BooleanAttribute><BooleanAttribute Name="ExternalVisible" SystemDefined="true">true</BooleanAttribute><BooleanAttribute Name="ExternalWritable" SystemDefined="true">true</BooleanAttribute><BooleanAttribute Name="SetPoint" SystemDefined="true">false</BooleanAttribute></AttributeList></Member>
    <Member Name="xEdgeMemory1" Datatype="Bool" Remanence="NonRetain" Accessibility="Public"><AttributeList><BooleanAttribute Name="ExternalAccessible" SystemDefined="true">false</BooleanAttribute><BooleanAttribute Name="ExternalVisible" SystemDefined="true">false</BooleanAttribute><BooleanAttribute Name="ExternalWritable" SystemDefined="true">false</BooleanAttribute><BooleanAttribute Name="SetPoint" SystemDefined="true">false</BooleanAttribute></AttributeList></Member>
    <Member Name="xEdgeMemory2" Datatype="Bool" Remanence="NonRetain" Accessibility="Public"><AttributeList><BooleanAttribute Name="ExternalAccessible" SystemDefined="true">false</BooleanAttribute><BooleanAttribute Name="ExternalVisible" SystemDefined="true">false</BooleanAttribute><BooleanAttribute Name="ExternalWritable" SystemDefined="true">false</BooleanAttribute><BooleanAttribute Name="SetPoint" SystemDefined="true">false</BooleanAttribute></AttributeList><StartValue>false</StartValue></Member>
    <Member Name="xEdgeMemory3" Datatype="Bool" Remanence="NonRetain" Accessibility="Public"><AttributeList><BooleanAttribute Name="ExternalAccessible" SystemDefined="true">false</BooleanAttribute><BooleanAttribute Name="ExternalVisible" SystemDefined="true">false</BooleanAttribute><BooleanAttribute Name="ExternalWritable" SystemDefined="true">false</BooleanAttribute><BooleanAttribute Name="SetPoint" SystemDefined="true">false</BooleanAttribute></AttributeList><StartValue>false</StartValue></Member>
  </Section>
  <Section Name="Temp" />
  <Section Name="Constant" />
</Sections></Interface>
      <IsIECCheckEnabled>false</IsIECCheckEnabled>
      <IsRetainMemResEnabled>false</IsRetainMemResEnabled>
      <MemoryLayout>Optimized</MemoryLayout>
      <MemoryReserve>100</MemoryReserve>
      <Name>Supply Conveyor</Name>
      <Number>6</Number>
      <ProgrammingLanguage>LAD</ProgrammingLanguage>
      <SetENOAutomatically>false</SetENOAutomatically>
      <UDABlockProperties />
      <UDAEnableTagReadback>false</UDAEnableTagReadback>
    </AttributeList>
    <ObjectList>
      <MultilingualText ID="1" CompositionName="Comment">
        <ObjectList>
          <MultilingualTextItem ID="2" CompositionName="Items">
            <AttributeList>
              <Culture>en-US</Culture>
              <Text />
            </AttributeList>
          </MultilingualTextItem>
        </ObjectList>
      </MultilingualText>
      <SW.Blocks.CompileUnit ID="3" CompositionName="CompileUnits">
        <AttributeList>
          <NetworkSource><FlgNet xmlns="http://www.siemens.com/automation/Openness/SW/NetworkSource/FlgNet/v4">
  <Parts>
    <Access Scope="LocalVariable" UId="21">
      <Symbol>
        <Component Name="xMaterialOnConveyor" />
      </Symbol>
    </Access>
    <Access Scope="LocalVariable" UId="22">
      <Symbol>
        <Component Name="xEdgeMemory1" />
      </Symbol>
    </Access>
    <Access Scope="GlobalVariable" UId="23">
      <Symbol>
        <Component Name="DB Equipment" />
        <Component Name="SupplyStation" />
        <Component Name="Command" />
        <Component Name="xSupplyDataRequest" />
      </Symbol>
    </Access>
    <Access Scope="GlobalVariable" UId="24">
      <Symbol>
        <Component Name="DB Equipment" />
        <Component Name="SupplyStation" />
        <Component Name="Command" />
        <Component Name="xSupplyDataRequest" />
      </Symbol>
    </Access>
    <Access Scope="LocalVariable" UId="25">
      <Symbol>
        <Component Name="xEdgeMemory2" />
      </Symbol>
    </Access>
    <Access Scope="GlobalVariable" UId="26">
      <Symbol>
        <Component Name="qIO_xSupplyGetMaterial" />
      </Symbol>
    </Access>
    <Access Scope="GlobalVariable" UId="27">
      <Symbol>
        <Component Name="iIO_xSupplyEntrySensor" />
      </Symbol>
    </Access>
    <Access Scope="LocalVariable" UId="28">
      <Symbol>
        <Component Name="xMaterialOnConveyor" />
      </Symbol>
    </Access>
    <Access Scope="GlobalVariable" UId="29">
      <Symbol>
        <Component Name="qIO_xSupplyGetMaterial" />
      </Symbol>
    </Access>
    <Part Name="NContact" UId="30" />
    <Part Name="SCoil" UId="31" />
    <Part Name="NContact" UId="32" />
    <Part Name="SCoil" UId="33" />
    <Part Name="Contact" UId="34" />
    <Part Name="SCoil" UId="35" />
    <Part Name="RCoil" UId="36" />
  </Parts>
  <Wires>
    <Wire UId="37">
      <Powerrail />
      <NameCon UId="30" Name="pre" />
      <NameCon UId="32" Name="pre" />
      <NameCon UId="34" Name="in" />
    </Wire>
    <Wire UId="38">
      <IdentCon UId="22" />
      <NameCon UId="30" Name="bit" />
    </Wire>
    <Wire UId="39">
      <IdentCon UId="21" />
      <NameCon UId="30" Name="operand" />
    </Wire>
    <Wire UId="40">
      <NameCon UId="30" Name="out" />
      <NameCon UId="31" Name="in" />
    </Wire>
    <Wire UId="41">
      <IdentCon UId="23" />
      <NameCon UId="31" Name="operand" />
    </Wire>
    <Wire UId="42">
      <IdentCon UId="25" />
      <NameCon UId="32" Name="bit" />
    </Wire>
    <Wire UId="43">
      <IdentCon UId="24" />
      <NameCon UId="32" Name="operand" />
    </Wire>
    <Wire UId="44">
      <NameCon UId="32" Name="out" />
      <NameCon UId="33" Name="in" />
    </Wire>
    <Wire UId="45">
      <IdentCon UId="26" />
      <NameCon UId="33" Name="operand" />
    </Wire>
    <Wire UId="46">
      <IdentCon UId="27" />
      <NameCon UId="34" Name="operand" />
    </Wire>
    <Wire UId="47">
      <NameCon UId="34" Name="out" />
      <NameCon UId="35" Name="in" />
      <NameCon UId="36" Name="in" />
    </Wire>
    <Wire UId="48">
      <IdentCon UId="28" />
      <NameCon UId="35" Name="operand" />
    </Wire>
    <Wire UId="49">
      <IdentCon UId="29" />
      <NameCon UId="36" Name="operand" />
    </Wire>
  </Wires>
</FlgNet></NetworkSource>
          <ProgrammingLanguage>LAD</ProgrammingLanguage>
        </AttributeList>
        <ObjectList>
          <MultilingualText ID="4" CompositionName="Comment">
            <ObjectList>
              <MultilingualTextItem ID="5" CompositionName="Items">
                <AttributeList>
                  <Culture>en-US</Culture>
                  <Text />
                </AttributeList>
              </MultilingualTextItem>
            </ObjectList>
          </MultilingualText>
          <MultilingualText ID="6" CompositionName="Title">
            <ObjectList>
              <MultilingualTextItem ID="7" CompositionName="Items">
                <AttributeList>
                  <Culture>en-US</Culture>
                  <Text />
                </AttributeList>
              </MultilingualTextItem>
            </ObjectList>
          </MultilingualText>
        </ObjectList>
      </SW.Blocks.CompileUnit>
      <SW.Blocks.CompileUnit ID="8" CompositionName="CompileUnits">
        <AttributeList>
          <NetworkSource><FlgNet xmlns="http://www.siemens.com/automation/Openness/SW/NetworkSource/FlgNet/v4">
  <Parts>
    <Access Scope="GlobalVariable" UId="21">
      <Symbol>
        <Component Name="iIO_xSupplyEntrySensor" />
      </Symbol>
    </Access>
    <Access Scope="GlobalVariable" UId="22">
      <Symbol>
        <Component Name="iIO_xSupplyExitSensor" />
      </Symbol>
    </Access>
    <Access Scope="GlobalVariable" UId="23">
      <Symbol>
        <Component Name="qIO_xSupplyConveyor1" />
      </Symbol>
    </Access>
    <Access Scope="GlobalVariable" UId="24">
      <Symbol>
        <Component Name="qIO_xSupplyConveyor2" />
      </Symbol>
    </Access>
    <Access Scope="GlobalVariable" UId="25">
      <Symbol>
        <Component Name="iIO_xSupplyExitSensor" />
      </Symbol>
    </Access>
    <Access Scope="LocalVariable" UId="26">
      <Symbol>
        <Component Name="xEdgeMemory3" />
      </Symbol>
    </Access>
    <Access Scope="GlobalVariable" UId="27">
      <Symbol>
        <Component Name="qIO_xSupplyConveyor1" />
      </Symbol>
    </Access>
    <Access Scope="GlobalVariable" UId="28">
      <Symbol>
        <Component Name="qIO_xSupplyConveyor2" />
      </Symbol>
    </Access>
    <Access Scope="LocalVariable" UId="29">
      <Symbol>
        <Component Name="xMaterialOnConveyor" />
      </Symbol>
    </Access>
    <Access Scope="GlobalVariable" UId="30">
      <Symbol>
        <Component Name="iIO_xSupplyExitSensor" />
      </Symbol>
    </Access>
    <Access Scope="GlobalVariable" UId="31">
      <Symbol>
        <Component Name="iIO_xS1EntrySensor" />
      </Symbol>
    </Access>
    <Access Scope="GlobalVariable" UId="32">
      <Symbol>
        <Component Name="qIO_xSupplyConveyor2" />
      </Symbol>
    </Access>
    <Part Name="Contact" UId="33" />
    <Part Name="Contact" UId="34">
      <Negated Name="operand" />
    </Part>
    <Part Name="SCoil" UId="35" />
    <Part Name="SCoil" UId="36" />
    <Part Name="PContact" UId="37" />
    <Part Name="RCoil" UId="38" />
    <Part Name="RCoil" UId="39" />
    <Part Name="RCoil" UId="40" />
    <Part Name="Contact" UId="41" />
    <Part Name="Contact" UId="42">
      <Negated Name="operand" />
    </Part>
    <Part Name="SCoil" UId="43" />
  </Parts>
  <Wires>
    <Wire UId="44">
      <Powerrail />
      <NameCon UId="33" Name="in" />
      <NameCon UId="37" Name="pre" />
      <NameCon UId="41" Name="in" />
    </Wire>
    <Wire UId="45">
      <IdentCon UId="21" />
      <NameCon UId="33" Name="operand" />
    </Wire>
    <Wire UId="46">
      <NameCon UId="33" Name="out" />
      <NameCon UId="34" Name="in" />
    </Wire>
    <Wire UId="47">
      <IdentCon UId="22" />
      <NameCon UId="34" Name="operand" />
    </Wire>
    <Wire UId="48">
      <NameCon UId="34" Name="out" />
      <NameCon UId="35" Name="in" />
      <NameCon UId="36" Name="in" />
    </Wire>
    <Wire UId="49">
      <IdentCon UId="23" />
      <NameCon UId="35" Name="operand" />
    </Wire>
    <Wire UId="50">
      <IdentCon UId="24" />
      <NameCon UId="36" Name="operand" />
    </Wire>
    <Wire UId="51">
      <IdentCon UId="26" />
      <NameCon UId="37" Name="bit" />
    </Wire>
    <Wire UId="52">
      <IdentCon UId="25" />
      <NameCon UId="37" Name="operand" />
    </Wire>
    <Wire UId="53">
      <NameCon UId="37" Name="out" />
      <NameCon UId="38" Name="in" />
      <NameCon UId="39" Name="in" />
      <NameCon UId="40" Name="in" />
    </Wire>
    <Wire UId="54">
      <IdentCon UId="27" />
      <NameCon UId="38" Name="operand" />
    </Wire>
    <Wire UId="55">
      <IdentCon UId="28" />
      <NameCon UId="39" Name="operand" />
    </Wire>
    <Wire UId="56">
      <IdentCon UId="29" />
      <NameCon UId="40" Name="operand" />
    </Wire>
    <Wire UId="57">
      <IdentCon UId="30" />
      <NameCon UId="41" Name="operand" />
    </Wire>
    <Wire UId="58">
      <NameCon UId="41" Name="out" />
      <NameCon UId="42" Name="in" />
    </Wire>
    <Wire UId="59">
      <IdentCon UId="31" />
      <NameCon UId="42" Name="operand" />
    </Wire>
    <Wire UId="60">
      <NameCon UId="42" Name="out" />
      <NameCon UId="43" Name="in" />
    </Wire>
    <Wire UId="61">
      <IdentCon UId="32" />
      <NameCon UId="43" Name="operand" />
    </Wire>
  </Wires>
</FlgNet></NetworkSource>
          <ProgrammingLanguage>LAD</ProgrammingLanguage>
        </AttributeList>
        <ObjectList>
          <MultilingualText ID="9" CompositionName="Comment">
            <ObjectList>
              <MultilingualTextItem ID="A" CompositionName="Items">
                <AttributeList>
                  <Culture>en-US</Culture>
                  <Text />
                </AttributeList>
              </MultilingualTextItem>
            </ObjectList>
          </MultilingualText>
          <MultilingualText ID="B" CompositionName="Title">
            <ObjectList>
              <MultilingualTextItem ID="C" CompositionName="Items">
                <AttributeList>
                  <Culture>en-US</Culture>
                  <Text />
                </AttributeList>
              </MultilingualTextItem>
            </ObjectList>
          </MultilingualText>
        </ObjectList>
      </SW.Blocks.CompileUnit>
      <MultilingualText ID="D" CompositionName="Title">
        <ObjectList>
          <MultilingualTextItem ID="E" CompositionName="Items">
            <AttributeList>
              <Culture>en-US</Culture>
              <Text />
            </AttributeList>
          </MultilingualTextItem>
        </ObjectList>
      </MultilingualText>
    </ObjectList>
  </SW.Blocks.FB>
</Document>