﻿<?xml version="1.0" encoding="utf-8"?>
<Document>
  <Engineering version="V16" />
  <DocumentInfo>
    <Created>2025-12-18T09:29:14.422134Z</Created>
    <ExportSetting>WithDefaults</ExportSetting>
    <InstalledProducts>
      <Product>
        <DisplayName>Totally Integrated Automation Portal</DisplayName>
        <DisplayVersion>V16</DisplayVersion>
      </Product>
      <OptionPackage>
        <DisplayName>TIA Portal Version Control Interface</DisplayName>
        <DisplayVersion>V16</DisplayVersion>
      </OptionPackage>
      <OptionPackage>
        <DisplayName>TIA Portal Openness</DisplayName>
        <DisplayVersion>V16</DisplayVersion>
      </OptionPackage>
      <Product>
        <DisplayName>STEP 7 Professional</DisplayName>
        <DisplayVersion>V16</DisplayVersion>
      </Product>
      <OptionPackage>
        <DisplayName>STEP 7 Safety</DisplayName>
        <DisplayVersion>V16</DisplayVersion>
      </OptionPackage>
      <Product>
        <DisplayName>WinCC Advanced</DisplayName>
        <DisplayVersion>V16</DisplayVersion>
      </Product>
    </InstalledProducts>
  </DocumentInfo>
  <SW.Blocks.FB ID="0">
    <AttributeList>
      <AutoNumber>true</AutoNumber>
      <HeaderAuthor />
      <HeaderFamily />
      <HeaderName />
      <HeaderVersion>0.1</HeaderVersion>
      <Interface><Sections xmlns="http://www.siemens.com/automation/Openness/SW/Interface/v4">
  <Section Name="Input">
    <Member Name="xEntrySensor" Datatype="Bool" Remanence="NonRetain" Accessibility="Public"><AttributeList><BooleanAttribute Name="ExternalAccessible" SystemDefined="true">false</BooleanAttribute><BooleanAttribute Name="ExternalVisible" SystemDefined="true">false</BooleanAttribute><BooleanAttribute Name="ExternalWritable" SystemDefined="true">false</BooleanAttribute></AttributeList></Member>
    <Member Name="xExitSensor" Datatype="Bool" Remanence="NonRetain" Accessibility="Public"><AttributeList><BooleanAttribute Name="ExternalAccessible" SystemDefined="true">false</BooleanAttribute><BooleanAttribute Name="ExternalVisible" SystemDefined="true">false</BooleanAttribute><BooleanAttribute Name="ExternalWritable" SystemDefined="true">false</BooleanAttribute></AttributeList></Member>
    <Member Name="xPositionerSensor" Datatype="Bool" Remanence="NonRetain" Accessibility="Public"><AttributeList><BooleanAttribute Name="ExternalAccessible" SystemDefined="true">false</BooleanAttribute><BooleanAttribute Name="ExternalVisible" SystemDefined="true">false</BooleanAttribute><BooleanAttribute Name="ExternalWritable" SystemDefined="true">false</BooleanAttribute></AttributeList></Member>
    <Member Name="xQueueSensor" Datatype="Bool" Remanence="NonRetain" Accessibility="Public"><AttributeList><BooleanAttribute Name="ExternalAccessible" SystemDefined="true">false</BooleanAttribute><BooleanAttribute Name="ExternalVisible" SystemDefined="true">false</BooleanAttribute><BooleanAttribute Name="ExternalWritable" SystemDefined="true">false</BooleanAttribute></AttributeList></Member>
    <Member Name="xClampSensor" Datatype="Bool" Remanence="NonRetain" Accessibility="Public"><AttributeList><BooleanAttribute Name="ExternalAccessible" SystemDefined="true">false</BooleanAttribute><BooleanAttribute Name="ExternalVisible" SystemDefined="true">false</BooleanAttribute><BooleanAttribute Name="ExternalWritable" SystemDefined="true">false</BooleanAttribute></AttributeList></Member>
  </Section>
  <Section Name="Output" />
  <Section Name="InOut">
    <Member Name="xConveyor1" Datatype="Bool" Remanence="NonRetain" Accessibility="Public"><AttributeList><BooleanAttribute Name="ExternalAccessible" SystemDefined="true">false</BooleanAttribute><BooleanAttribute Name="ExternalVisible" SystemDefined="true">false</BooleanAttribute><BooleanAttribute Name="ExternalWritable" SystemDefined="true">false</BooleanAttribute></AttributeList></Member>
    <Member Name="xConveyor2" Datatype="Bool" Remanence="NonRetain" Accessibility="Public"><AttributeList><BooleanAttribute Name="ExternalAccessible" SystemDefined="true">false</BooleanAttribute><BooleanAttribute Name="ExternalVisible" SystemDefined="true">false</BooleanAttribute><BooleanAttribute Name="ExternalWritable" SystemDefined="true">false</BooleanAttribute></AttributeList></Member>
    <Member Name="xConveyor3" Datatype="Bool" Remanence="NonRetain" Accessibility="Public"><AttributeList><BooleanAttribute Name="ExternalAccessible" SystemDefined="true">false</BooleanAttribute><BooleanAttribute Name="ExternalVisible" SystemDefined="true">false</BooleanAttribute><BooleanAttribute Name="ExternalWritable" SystemDefined="true">false</BooleanAttribute></AttributeList></Member>
    <Member Name="xPositionerClamp" Datatype="Bool" Remanence="NonRetain" Accessibility="Public"><AttributeList><BooleanAttribute Name="ExternalAccessible" SystemDefined="true">true</BooleanAttribute><BooleanAttribute Name="ExternalVisible" SystemDefined="true">true</BooleanAttribute><BooleanAttribute Name="ExternalWritable" SystemDefined="true">true</BooleanAttribute></AttributeList></Member>
    <Member Name="xPositionerRaise" Datatype="Bool" Remanence="NonRetain" Accessibility="Public"><AttributeList><BooleanAttribute Name="ExternalAccessible" SystemDefined="true">true</BooleanAttribute><BooleanAttribute Name="ExternalVisible" SystemDefined="true">true</BooleanAttribute><BooleanAttribute Name="ExternalWritable" SystemDefined="true">true</BooleanAttribute></AttributeList></Member>
    <Member Name="Work Station DB" Datatype="&quot;UDT WorkStation&quot;" Accessibility="Public">
      <Sections>
        <Section Name="None">
          <Member Name="Status" Datatype="Struct">
            <Member Name="xEntrySensorStatus" Datatype="Bool" />
            <Member Name="xExitSensorStatus" Datatype="Bool" />
            <Member Name="xInProcess" Datatype="Bool" />
            <Member Name="tProcessTime" Datatype="Time" />
            <Member Name="diProcessTimeDone" Datatype="DInt" />
          </Member>
          <Member Name="Command" Datatype="Struct">
            <Member Name="xRequestData" Datatype="Bool" />
          </Member>
          <Member Name="Fault" Datatype="Struct">
            <Member Name="xSpare" Datatype="Bool" />
          </Member>
        </Section>
      </Sections>
    </Member>
  </Section>
  <Section Name="Static">
    <Member Name="StationConveyorControl_Instance" Datatype="&quot;StationConveyorControl&quot;" Accessibility="Public"><AttributeList><BooleanAttribute Name="ExternalAccessible" SystemDefined="true">true</BooleanAttribute><BooleanAttribute Name="ExternalVisible" SystemDefined="true">true</BooleanAttribute><BooleanAttribute Name="ExternalWritable" SystemDefined="true">true</BooleanAttribute><BooleanAttribute Name="SetPoint" SystemDefined="true">true</BooleanAttribute></AttributeList><Sections><Section Name="Input"><Member Name="xEntrySensor" Datatype="Bool" /><Member Name="xExitSensor" Datatype="Bool" /><Member Name="xPositionerSensor" Datatype="Bool" /><Member Name="xQueueSensor" Datatype="Bool" /><Member Name="xInProcess" Datatype="Bool" /></Section><Section Name="Output" /><Section Name="InOut"><Member Name="xConveyor1" Datatype="Bool" /><Member Name="xConveyor2" Datatype="Bool" /><Member Name="xConveyor3" Datatype="Bool" /></Section><Section Name="Static"><Member Name="xMaterialAtExit" Datatype="Bool" /><Member Name="xMaterialAtPositioner" Datatype="Bool" /><Member Name="xProcessDone" Datatype="Bool" /><Member Name="xEdgeMemory1" Datatype="Bool" /><Member Name="xEdgeMemory2" Datatype="Bool" /><Member Name="xEdgeMemory3" Datatype="Bool" /><Member Name="xEdgeMemory4" Datatype="Bool" /><Member Name="xEdgeMemory5" Datatype="Bool" /></Section></Sections></Member>
    <Member Name="StationProcessControl_Instance" Datatype="&quot;StationProcessControl&quot;" Accessibility="Public"><AttributeList><BooleanAttribute Name="ExternalAccessible" SystemDefined="true">true</BooleanAttribute><BooleanAttribute Name="ExternalVisible" SystemDefined="true">true</BooleanAttribute><BooleanAttribute Name="ExternalWritable" SystemDefined="true">true</BooleanAttribute><BooleanAttribute Name="SetPoint" SystemDefined="true">true</BooleanAttribute></AttributeList><Sections><Section Name="Input"><Member Name="xPositionerSensor" Datatype="Bool" /><Member Name="xClampSensor" Datatype="Bool" /><Member Name="tProcessTime" Datatype="Time" /></Section><Section Name="Output" /><Section Name="InOut"><Member Name="xPositionerClamp" Datatype="Bool" /><Member Name="xPositionerRaise" Datatype="Bool" /><Member Name="xInProcess" Datatype="Bool" /><Member Name="diProcessTimeLeft" Datatype="DInt" /><Member Name="xRequestData" Datatype="Bool" /></Section><Section Name="Static"><Member Name="xProcessDone" Datatype="Bool" /><Member Name="xEdgeMemory1" Datatype="Bool" /><Member Name="xEdgeMemory2" Datatype="Bool" /><Member Name="IEC_Timer_0_Instance" Datatype="TON_TIME" Version="1.0"><Sections><Section Name="None"><Member Name="PT" Datatype="Time" /><Member Name="ET" Datatype="Time" /><Member Name="IN" Datatype="Bool" /><Member Name="Q" Datatype="Bool" /></Section></Sections></Member></Section></Sections></Member>
  </Section>
  <Section Name="Temp" />
  <Section Name="Constant" />
</Sections></Interface>
      <IsIECCheckEnabled>false</IsIECCheckEnabled>
      <IsRetainMemResEnabled>false</IsRetainMemResEnabled>
      <MemoryLayout>Optimized</MemoryLayout>
      <MemoryReserve>100</MemoryReserve>
      <Name>Work Station</Name>
      <Number>1</Number>
      <ProgrammingLanguage>LAD</ProgrammingLanguage>
      <SetENOAutomatically>false</SetENOAutomatically>
      <UDABlockProperties />
      <UDAEnableTagReadback>false</UDAEnableTagReadback>
    </AttributeList>
    <ObjectList>
      <MultilingualText ID="1" CompositionName="Comment">
        <ObjectList>
          <MultilingualTextItem ID="2" CompositionName="Items">
            <AttributeList>
              <Culture>en-US</Culture>
              <Text />
            </AttributeList>
          </MultilingualTextItem>
        </ObjectList>
      </MultilingualText>
      <SW.Blocks.CompileUnit ID="3" CompositionName="CompileUnits">
        <AttributeList>
          <NetworkSource />
          <ProgrammingLanguage>LAD</ProgrammingLanguage>
        </AttributeList>
        <ObjectList>
          <MultilingualText ID="4" CompositionName="Comment">
            <ObjectList>
              <MultilingualTextItem ID="5" CompositionName="Items">
                <AttributeList>
                  <Culture>en-US</Culture>
                  <Text />
                </AttributeList>
              </MultilingualTextItem>
            </ObjectList>
          </MultilingualText>
          <MultilingualText ID="6" CompositionName="Title">
            <ObjectList>
              <MultilingualTextItem ID="7" CompositionName="Items">
                <AttributeList>
                  <Culture>en-US</Culture>
                  <Text />
                </AttributeList>
              </MultilingualTextItem>
            </ObjectList>
          </MultilingualText>
        </ObjectList>
      </SW.Blocks.CompileUnit>
      <SW.Blocks.CompileUnit ID="8" CompositionName="CompileUnits">
        <AttributeList>
          <NetworkSource><FlgNet xmlns="http://www.siemens.com/automation/Openness/SW/NetworkSource/FlgNet/v4">
  <Parts>
    <Access Scope="LocalVariable" UId="21">
      <Symbol>
        <Component Name="xEntrySensor" />
      </Symbol>
    </Access>
    <Access Scope="LocalVariable" UId="22">
      <Symbol>
        <Component Name="xExitSensor" />
      </Symbol>
    </Access>
    <Access Scope="LocalVariable" UId="23">
      <Symbol>
        <Component Name="xPositionerSensor" />
      </Symbol>
    </Access>
    <Access Scope="LocalVariable" UId="24">
      <Symbol>
        <Component Name="xQueueSensor" />
      </Symbol>
    </Access>
    <Access Scope="LocalVariable" UId="25">
      <Symbol>
        <Component Name="Work Station DB" />
        <Component Name="Status" />
        <Component Name="xInProcess" />
      </Symbol>
    </Access>
    <Access Scope="LocalVariable" UId="26">
      <Symbol>
        <Component Name="xConveyor1" />
      </Symbol>
    </Access>
    <Access Scope="LocalVariable" UId="27">
      <Symbol>
        <Component Name="xConveyor2" />
      </Symbol>
    </Access>
    <Access Scope="LocalVariable" UId="28">
      <Symbol>
        <Component Name="xConveyor3" />
      </Symbol>
    </Access>
    <Call UId="29">
      <CallInfo Name="StationConveyorControl" BlockType="FB">
        <Instance Scope="LocalVariable" UId="30">
          <Component Name="StationConveyorControl_Instance" />
        </Instance>
        <Parameter Name="xEntrySensor" Section="Input" Type="Bool" />
        <Parameter Name="xExitSensor" Section="Input" Type="Bool" />
        <Parameter Name="xPositionerSensor" Section="Input" Type="Bool" />
        <Parameter Name="xQueueSensor" Section="Input" Type="Bool" />
        <Parameter Name="xInProcess" Section="Input" Type="Bool" />
        <Parameter Name="xConveyor1" Section="InOut" Type="Bool" />
        <Parameter Name="xConveyor2" Section="InOut" Type="Bool" />
        <Parameter Name="xConveyor3" Section="InOut" Type="Bool" />
      </CallInfo>
    </Call>
  </Parts>
  <Wires>
    <Wire UId="31">
      <Powerrail />
      <NameCon UId="29" Name="en" />
    </Wire>
    <Wire UId="32">
      <IdentCon UId="21" />
      <NameCon UId="29" Name="xEntrySensor" />
    </Wire>
    <Wire UId="33">
      <IdentCon UId="22" />
      <NameCon UId="29" Name="xExitSensor" />
    </Wire>
    <Wire UId="34">
      <IdentCon UId="23" />
      <NameCon UId="29" Name="xPositionerSensor" />
    </Wire>
    <Wire UId="35">
      <IdentCon UId="24" />
      <NameCon UId="29" Name="xQueueSensor" />
    </Wire>
    <Wire UId="36">
      <IdentCon UId="25" />
      <NameCon UId="29" Name="xInProcess" />
    </Wire>
    <Wire UId="37">
      <IdentCon UId="26" />
      <NameCon UId="29" Name="xConveyor1" />
    </Wire>
    <Wire UId="38">
      <IdentCon UId="27" />
      <NameCon UId="29" Name="xConveyor2" />
    </Wire>
    <Wire UId="39">
      <IdentCon UId="28" />
      <NameCon UId="29" Name="xConveyor3" />
    </Wire>
  </Wires>
</FlgNet></NetworkSource>
          <ProgrammingLanguage>LAD</ProgrammingLanguage>
        </AttributeList>
        <ObjectList>
          <MultilingualText ID="9" CompositionName="Comment">
            <ObjectList>
              <MultilingualTextItem ID="A" CompositionName="Items">
                <AttributeList>
                  <Culture>en-US</Culture>
                  <Text />
                </AttributeList>
              </MultilingualTextItem>
            </ObjectList>
          </MultilingualText>
          <MultilingualText ID="B" CompositionName="Title">
            <ObjectList>
              <MultilingualTextItem ID="C" CompositionName="Items">
                <AttributeList>
                  <Culture>en-US</Culture>
                  <Text />
                </AttributeList>
              </MultilingualTextItem>
            </ObjectList>
          </MultilingualText>
        </ObjectList>
      </SW.Blocks.CompileUnit>
      <SW.Blocks.CompileUnit ID="D" CompositionName="CompileUnits">
        <AttributeList>
          <NetworkSource><FlgNet xmlns="http://www.siemens.com/automation/Openness/SW/NetworkSource/FlgNet/v4">
  <Parts>
    <Access Scope="LocalVariable" UId="21">
      <Symbol>
        <Component Name="xPositionerSensor" />
      </Symbol>
    </Access>
    <Access Scope="LocalVariable" UId="22">
      <Symbol>
        <Component Name="xClampSensor" />
      </Symbol>
    </Access>
    <Access Scope="LocalVariable" UId="23">
      <Symbol>
        <Component Name="Work Station DB" />
        <Component Name="Status" />
        <Component Name="tProcessTime" />
      </Symbol>
    </Access>
    <Access Scope="LocalVariable" UId="24">
      <Symbol>
        <Component Name="xPositionerClamp" />
      </Symbol>
    </Access>
    <Access Scope="LocalVariable" UId="25">
      <Symbol>
        <Component Name="xPositionerRaise" />
      </Symbol>
    </Access>
    <Access Scope="LocalVariable" UId="26">
      <Symbol>
        <Component Name="Work Station DB" />
        <Component Name="Status" />
        <Component Name="xInProcess" />
      </Symbol>
    </Access>
    <Access Scope="LocalVariable" UId="27">
      <Symbol>
        <Component Name="Work Station DB" />
        <Component Name="Status" />
        <Component Name="diProcessTimeDone" />
      </Symbol>
    </Access>
    <Access Scope="LocalVariable" UId="28">
      <Symbol>
        <Component Name="Work Station DB" />
        <Component Name="Command" />
        <Component Name="xRequestData" />
      </Symbol>
    </Access>
    <Call UId="29">
      <CallInfo Name="StationProcessControl" BlockType="FB">
        <Instance Scope="LocalVariable" UId="30">
          <Component Name="StationProcessControl_Instance" />
        </Instance>
        <Parameter Name="xPositionerSensor" Section="Input" Type="Bool" />
        <Parameter Name="xClampSensor" Section="Input" Type="Bool" />
        <Parameter Name="tProcessTime" Section="Input" Type="Time" />
        <Parameter Name="xPositionerClamp" Section="InOut" Type="Bool" />
        <Parameter Name="xPositionerRaise" Section="InOut" Type="Bool" />
        <Parameter Name="xInProcess" Section="InOut" Type="Bool" />
        <Parameter Name="diProcessTimeLeft" Section="InOut" Type="DInt" />
        <Parameter Name="xRequestData" Section="InOut" Type="Bool" />
      </CallInfo>
    </Call>
  </Parts>
  <Wires>
    <Wire UId="31">
      <Powerrail />
      <NameCon UId="29" Name="en" />
    </Wire>
    <Wire UId="32">
      <IdentCon UId="21" />
      <NameCon UId="29" Name="xPositionerSensor" />
    </Wire>
    <Wire UId="33">
      <IdentCon UId="22" />
      <NameCon UId="29" Name="xClampSensor" />
    </Wire>
    <Wire UId="34">
      <IdentCon UId="23" />
      <NameCon UId="29" Name="tProcessTime" />
    </Wire>
    <Wire UId="35">
      <IdentCon UId="24" />
      <NameCon UId="29" Name="xPositionerClamp" />
    </Wire>
    <Wire UId="36">
      <IdentCon UId="25" />
      <NameCon UId="29" Name="xPositionerRaise" />
    </Wire>
    <Wire UId="37">
      <IdentCon UId="26" />
      <NameCon UId="29" Name="xInProcess" />
    </Wire>
    <Wire UId="38">
      <IdentCon UId="27" />
      <NameCon UId="29" Name="diProcessTimeLeft" />
    </Wire>
    <Wire UId="39">
      <IdentCon UId="28" />
      <NameCon UId="29" Name="xRequestData" />
    </Wire>
  </Wires>
</FlgNet></NetworkSource>
          <ProgrammingLanguage>LAD</ProgrammingLanguage>
        </AttributeList>
        <ObjectList>
          <MultilingualText ID="E" CompositionName="Comment">
            <ObjectList>
              <MultilingualTextItem ID="F" CompositionName="Items">
                <AttributeList>
                  <Culture>en-US</Culture>
                  <Text />
                </AttributeList>
              </MultilingualTextItem>
            </ObjectList>
          </MultilingualText>
          <MultilingualText ID="10" CompositionName="Title">
            <ObjectList>
              <MultilingualTextItem ID="11" CompositionName="Items">
                <AttributeList>
                  <Culture>en-US</Culture>
                  <Text />
                </AttributeList>
              </MultilingualTextItem>
            </ObjectList>
          </MultilingualText>
        </ObjectList>
      </SW.Blocks.CompileUnit>
      <MultilingualText ID="12" CompositionName="Title">
        <ObjectList>
          <MultilingualTextItem ID="13" CompositionName="Items">
            <AttributeList>
              <Culture>en-US</Culture>
              <Text />
            </AttributeList>
          </MultilingualTextItem>
        </ObjectList>
      </MultilingualText>
    </ObjectList>
  </SW.Blocks.FB>
</Document>