﻿<?xml version="1.0" encoding="utf-8"?>
<Document>
  <Engineering version="V16" />
  <DocumentInfo>
    <Created>2025-12-18T09:30:40.4208466Z</Created>
    <ExportSetting>WithDefaults</ExportSetting>
    <InstalledProducts>
      <Product>
        <DisplayName>Totally Integrated Automation Portal</DisplayName>
        <DisplayVersion>V16</DisplayVersion>
      </Product>
      <OptionPackage>
        <DisplayName>TIA Portal Version Control Interface</DisplayName>
        <DisplayVersion>V16</DisplayVersion>
      </OptionPackage>
      <OptionPackage>
        <DisplayName>TIA Portal Openness</DisplayName>
        <DisplayVersion>V16</DisplayVersion>
      </OptionPackage>
      <Product>
        <DisplayName>STEP 7 Professional</DisplayName>
        <DisplayVersion>V16</DisplayVersion>
      </Product>
      <OptionPackage>
        <DisplayName>STEP 7 Safety</DisplayName>
        <DisplayVersion>V16</DisplayVersion>
      </OptionPackage>
      <Product>
        <DisplayName>WinCC Advanced</DisplayName>
        <DisplayVersion>V16</DisplayVersion>
      </Product>
    </InstalledProducts>
  </DocumentInfo>
  <SW.Blocks.FB ID="0">
    <AttributeList>
      <AutoNumber>true</AutoNumber>
      <HeaderAuthor />
      <HeaderFamily />
      <HeaderName />
      <HeaderVersion>0.1</HeaderVersion>
      <Interface><Sections xmlns="http://www.siemens.com/automation/Openness/SW/Interface/v4">
  <Section Name="Input" />
  <Section Name="Output" />
  <Section Name="InOut" />
  <Section Name="Static">
    <Member Name="WorkStationList1" Datatype="Array[0..9] of DInt" Remanence="NonRetain" Accessibility="Public"><AttributeList><BooleanAttribute Name="ExternalAccessible" SystemDefined="true">true</BooleanAttribute><BooleanAttribute Name="ExternalVisible" SystemDefined="true">true</BooleanAttribute><BooleanAttribute Name="ExternalWritable" SystemDefined="true">true</BooleanAttribute><BooleanAttribute Name="SetPoint" SystemDefined="true">false</BooleanAttribute></AttributeList><Subelement Path="0"><StartValue>-1</StartValue></Subelement><Subelement Path="1"><StartValue>-1</StartValue></Subelement><Subelement Path="2"><StartValue>-1</StartValue></Subelement><Subelement Path="3"><StartValue>-1</StartValue></Subelement><Subelement Path="4"><StartValue>-1</StartValue></Subelement><Subelement Path="5"><StartValue>-1</StartValue></Subelement><Subelement Path="6"><StartValue>-1</StartValue></Subelement><Subelement Path="7"><StartValue>-1</StartValue></Subelement><Subelement Path="8"><StartValue>-1</StartValue></Subelement><Subelement Path="9"><StartValue>-1</StartValue></Subelement></Member>
    <Member Name="WorkStationList2" Datatype="Array[0..9] of DInt" Remanence="NonRetain" Accessibility="Public"><AttributeList><BooleanAttribute Name="ExternalAccessible" SystemDefined="true">true</BooleanAttribute><BooleanAttribute Name="ExternalVisible" SystemDefined="true">true</BooleanAttribute><BooleanAttribute Name="ExternalWritable" SystemDefined="true">true</BooleanAttribute><BooleanAttribute Name="SetPoint" SystemDefined="true">false</BooleanAttribute></AttributeList><Subelement Path="0"><StartValue>-1</StartValue></Subelement><Subelement Path="1"><StartValue>-1</StartValue></Subelement><Subelement Path="2"><StartValue>-1</StartValue></Subelement><Subelement Path="3"><StartValue>-1</StartValue></Subelement><Subelement Path="4"><StartValue>-1</StartValue></Subelement><Subelement Path="5"><StartValue>-1</StartValue></Subelement><Subelement Path="6"><StartValue>-1</StartValue></Subelement><Subelement Path="7"><StartValue>-1</StartValue></Subelement><Subelement Path="8"><StartValue>-1</StartValue></Subelement><Subelement Path="9"><StartValue>-1</StartValue></Subelement></Member>
    <Member Name="WorkStationList3" Datatype="Array[0..9] of DInt" Remanence="NonRetain" Accessibility="Public"><AttributeList><BooleanAttribute Name="ExternalAccessible" SystemDefined="true">true</BooleanAttribute><BooleanAttribute Name="ExternalVisible" SystemDefined="true">true</BooleanAttribute><BooleanAttribute Name="ExternalWritable" SystemDefined="true">true</BooleanAttribute><BooleanAttribute Name="SetPoint" SystemDefined="true">false</BooleanAttribute></AttributeList><Subelement Path="0"><StartValue>-1</StartValue></Subelement><Subelement Path="1"><StartValue>-1</StartValue></Subelement><Subelement Path="2"><StartValue>-1</StartValue></Subelement><Subelement Path="3"><StartValue>-1</StartValue></Subelement><Subelement Path="4"><StartValue>-1</StartValue></Subelement><Subelement Path="5"><StartValue>-1</StartValue></Subelement><Subelement Path="6"><StartValue>-1</StartValue></Subelement><Subelement Path="7"><StartValue>-1</StartValue></Subelement><Subelement Path="8"><StartValue>-1</StartValue></Subelement><Subelement Path="9"><StartValue>-1</StartValue></Subelement></Member>
  </Section>
  <Section Name="Temp" />
  <Section Name="Constant" />
</Sections></Interface>
      <IsIECCheckEnabled>false</IsIECCheckEnabled>
      <IsRetainMemResEnabled>false</IsRetainMemResEnabled>
      <MemoryLayout>Optimized</MemoryLayout>
      <MemoryReserve>100</MemoryReserve>
      <Name>Sequence Data Management</Name>
      <Number>3</Number>
      <ProgrammingLanguage>LAD</ProgrammingLanguage>
      <SetENOAutomatically>false</SetENOAutomatically>
      <UDABlockProperties />
      <UDAEnableTagReadback>false</UDAEnableTagReadback>
    </AttributeList>
    <ObjectList>
      <MultilingualText ID="1" CompositionName="Comment">
        <ObjectList>
          <MultilingualTextItem ID="2" CompositionName="Items">
            <AttributeList>
              <Culture>en-US</Culture>
              <Text />
            </AttributeList>
          </MultilingualTextItem>
        </ObjectList>
      </MultilingualText>
      <SW.Blocks.CompileUnit ID="3" CompositionName="CompileUnits">
        <AttributeList>
          <NetworkSource><FlgNet xmlns="http://www.siemens.com/automation/Openness/SW/NetworkSource/FlgNet/v4">
  <Parts>
    <Access Scope="GlobalVariable" UId="21">
      <Symbol>
        <Component Name="DB Equipment" />
        <Component Name="SupplyStation" />
        <Component Name="Command" />
        <Component Name="xSupplyDataRequest" />
      </Symbol>
    </Access>
    <Access Scope="LocalVariable" UId="22">
      <Symbol>
        <Component Name="WorkStationList1" />
      </Symbol>
    </Access>
    <Access Scope="LocalVariable" UId="23">
      <Symbol>
        <Component Name="WorkStationList2" />
      </Symbol>
    </Access>
    <Access Scope="LocalVariable" UId="24">
      <Symbol>
        <Component Name="WorkStationList3" />
      </Symbol>
    </Access>
    <Part Name="Contact" UId="25" />
    <Call UId="26">
      <CallInfo Name="DownloadNewData" BlockType="FC">
        <Parameter Name="WorkStationList1" Section="InOut" Type="Array[0..9] of DInt" />
        <Parameter Name="WorkStationList2" Section="InOut" Type="Array[0..9] of DInt" />
        <Parameter Name="WorkStationList3" Section="InOut" Type="Array[0..9] of DInt" />
      </CallInfo>
    </Call>
  </Parts>
  <Wires>
    <Wire UId="27">
      <Powerrail />
      <NameCon UId="25" Name="in" />
    </Wire>
    <Wire UId="28">
      <IdentCon UId="21" />
      <NameCon UId="25" Name="operand" />
    </Wire>
    <Wire UId="29">
      <NameCon UId="25" Name="out" />
      <NameCon UId="26" Name="en" />
    </Wire>
    <Wire UId="30">
      <IdentCon UId="22" />
      <NameCon UId="26" Name="WorkStationList1" />
    </Wire>
    <Wire UId="31">
      <IdentCon UId="23" />
      <NameCon UId="26" Name="WorkStationList2" />
    </Wire>
    <Wire UId="32">
      <IdentCon UId="24" />
      <NameCon UId="26" Name="WorkStationList3" />
    </Wire>
  </Wires>
</FlgNet></NetworkSource>
          <ProgrammingLanguage>LAD</ProgrammingLanguage>
        </AttributeList>
        <ObjectList>
          <MultilingualText ID="4" CompositionName="Comment">
            <ObjectList>
              <MultilingualTextItem ID="5" CompositionName="Items">
                <AttributeList>
                  <Culture>en-US</Culture>
                  <Text />
                </AttributeList>
              </MultilingualTextItem>
            </ObjectList>
          </MultilingualText>
          <MultilingualText ID="6" CompositionName="Title">
            <ObjectList>
              <MultilingualTextItem ID="7" CompositionName="Items">
                <AttributeList>
                  <Culture>en-US</Culture>
                  <Text />
                </AttributeList>
              </MultilingualTextItem>
            </ObjectList>
          </MultilingualText>
        </ObjectList>
      </SW.Blocks.CompileUnit>
      <SW.Blocks.CompileUnit ID="8" CompositionName="CompileUnits">
        <AttributeList>
          <NetworkSource><FlgNet xmlns="http://www.siemens.com/automation/Openness/SW/NetworkSource/FlgNet/v4">
  <Parts>
    <Access Scope="GlobalVariable" UId="21">
      <Symbol>
        <Component Name="DB Equipment" />
        <Component Name="Station1" />
      </Symbol>
    </Access>
    <Access Scope="LocalVariable" UId="22">
      <Symbol>
        <Component Name="WorkStationList1" />
      </Symbol>
    </Access>
    <Access Scope="GlobalVariable" UId="23">
      <Symbol>
        <Component Name="DB Equipment" />
        <Component Name="Station2" />
      </Symbol>
    </Access>
    <Access Scope="LocalVariable" UId="24">
      <Symbol>
        <Component Name="WorkStationList2" />
      </Symbol>
    </Access>
    <Access Scope="GlobalVariable" UId="25">
      <Symbol>
        <Component Name="DB Equipment" />
        <Component Name="Station3" />
      </Symbol>
    </Access>
    <Access Scope="LocalVariable" UId="26">
      <Symbol>
        <Component Name="WorkStationList3" />
      </Symbol>
    </Access>
    <Call UId="27">
      <CallInfo Name="PushDataToStation" BlockType="FC">
        <Parameter Name="Work Station GD" Section="InOut" Type="&quot;UDT WorkStation&quot;" />
        <Parameter Name="WorkStationList" Section="InOut" Type="Array[0..9] of DInt" />
      </CallInfo>
    </Call>
    <Call UId="28">
      <CallInfo Name="PushDataToStation" BlockType="FC">
        <Parameter Name="Work Station GD" Section="InOut" Type="&quot;UDT WorkStation&quot;" />
        <Parameter Name="WorkStationList" Section="InOut" Type="Array[0..9] of DInt" />
      </CallInfo>
    </Call>
    <Call UId="29">
      <CallInfo Name="PushDataToStation" BlockType="FC">
        <Parameter Name="Work Station GD" Section="InOut" Type="&quot;UDT WorkStation&quot;" />
        <Parameter Name="WorkStationList" Section="InOut" Type="Array[0..9] of DInt" />
      </CallInfo>
    </Call>
  </Parts>
  <Wires>
    <Wire UId="30">
      <Powerrail />
      <NameCon UId="27" Name="en" />
    </Wire>
    <Wire UId="31">
      <IdentCon UId="21" />
      <NameCon UId="27" Name="Work Station GD" />
    </Wire>
    <Wire UId="32">
      <IdentCon UId="22" />
      <NameCon UId="27" Name="WorkStationList" />
    </Wire>
    <Wire UId="33">
      <NameCon UId="27" Name="eno" />
      <NameCon UId="28" Name="en" />
    </Wire>
    <Wire UId="34">
      <IdentCon UId="23" />
      <NameCon UId="28" Name="Work Station GD" />
    </Wire>
    <Wire UId="35">
      <IdentCon UId="24" />
      <NameCon UId="28" Name="WorkStationList" />
    </Wire>
    <Wire UId="36">
      <NameCon UId="28" Name="eno" />
      <NameCon UId="29" Name="en" />
    </Wire>
    <Wire UId="37">
      <IdentCon UId="25" />
      <NameCon UId="29" Name="Work Station GD" />
    </Wire>
    <Wire UId="38">
      <IdentCon UId="26" />
      <NameCon UId="29" Name="WorkStationList" />
    </Wire>
  </Wires>
</FlgNet></NetworkSource>
          <ProgrammingLanguage>LAD</ProgrammingLanguage>
        </AttributeList>
        <ObjectList>
          <MultilingualText ID="9" CompositionName="Comment">
            <ObjectList>
              <MultilingualTextItem ID="A" CompositionName="Items">
                <AttributeList>
                  <Culture>en-US</Culture>
                  <Text />
                </AttributeList>
              </MultilingualTextItem>
            </ObjectList>
          </MultilingualText>
          <MultilingualText ID="B" CompositionName="Title">
            <ObjectList>
              <MultilingualTextItem ID="C" CompositionName="Items">
                <AttributeList>
                  <Culture>en-US</Culture>
                  <Text />
                </AttributeList>
              </MultilingualTextItem>
            </ObjectList>
          </MultilingualText>
        </ObjectList>
      </SW.Blocks.CompileUnit>
      <SW.Blocks.CompileUnit ID="D" CompositionName="CompileUnits">
        <AttributeList>
          <NetworkSource />
          <ProgrammingLanguage>LAD</ProgrammingLanguage>
        </AttributeList>
        <ObjectList>
          <MultilingualText ID="E" CompositionName="Comment">
            <ObjectList>
              <MultilingualTextItem ID="F" CompositionName="Items">
                <AttributeList>
                  <Culture>en-US</Culture>
                  <Text />
                </AttributeList>
              </MultilingualTextItem>
            </ObjectList>
          </MultilingualText>
          <MultilingualText ID="10" CompositionName="Title">
            <ObjectList>
              <MultilingualTextItem ID="11" CompositionName="Items">
                <AttributeList>
                  <Culture>en-US</Culture>
                  <Text />
                </AttributeList>
              </MultilingualTextItem>
            </ObjectList>
          </MultilingualText>
        </ObjectList>
      </SW.Blocks.CompileUnit>
      <MultilingualText ID="12" CompositionName="Title">
        <ObjectList>
          <MultilingualTextItem ID="13" CompositionName="Items">
            <AttributeList>
              <Culture>en-US</Culture>
              <Text />
            </AttributeList>
          </MultilingualTextItem>
        </ObjectList>
      </MultilingualText>
    </ObjectList>
  </SW.Blocks.FB>
</Document>