﻿<?xml version="1.0" encoding="utf-8"?>
<Document>
  <Engineering version="V16" />
  <DocumentInfo>
    <Created>2025-12-18T09:29:12.9038693Z</Created>
    <ExportSetting>WithDefaults</ExportSetting>
    <InstalledProducts>
      <Product>
        <DisplayName>Totally Integrated Automation Portal</DisplayName>
        <DisplayVersion>V16</DisplayVersion>
      </Product>
      <OptionPackage>
        <DisplayName>TIA Portal Version Control Interface</DisplayName>
        <DisplayVersion>V16</DisplayVersion>
      </OptionPackage>
      <OptionPackage>
        <DisplayName>TIA Portal Openness</DisplayName>
        <DisplayVersion>V16</DisplayVersion>
      </OptionPackage>
      <Product>
        <DisplayName>STEP 7 Professional</DisplayName>
        <DisplayVersion>V16</DisplayVersion>
      </Product>
      <OptionPackage>
        <DisplayName>STEP 7 Safety</DisplayName>
        <DisplayVersion>V16</DisplayVersion>
      </OptionPackage>
      <Product>
        <DisplayName>WinCC Advanced</DisplayName>
        <DisplayVersion>V16</DisplayVersion>
      </Product>
    </InstalledProducts>
  </DocumentInfo>
  <SW.Blocks.OB ID="0">
    <AttributeList>
      <AutoNumber>true</AutoNumber>
      <HeaderAuthor />
      <HeaderFamily />
      <HeaderName />
      <HeaderVersion>0.1</HeaderVersion>
      <Interface><Sections xmlns="http://www.siemens.com/automation/Openness/SW/Interface/v4">
  <Section Name="Input">
    <Member Name="Initial_Call" Datatype="Bool" Accessibility="Public" Informative="true">
      <Comment>
        <MultiLanguageText Lang="en-US">Initial call of this OB</MultiLanguageText>
      </Comment>
    </Member>
    <Member Name="Remanence" Datatype="Bool" Accessibility="Public" Informative="true">
      <Comment>
        <MultiLanguageText Lang="en-US">=True, if remanent data are available</MultiLanguageText>
      </Comment>
    </Member>
  </Section>
  <Section Name="Temp" />
  <Section Name="Constant" />
</Sections></Interface>
      <IsIECCheckEnabled>false</IsIECCheckEnabled>
      <MemoryLayout>Optimized</MemoryLayout>
      <Name>Main</Name>
      <Number>1</Number>
      <ProgrammingLanguage>LAD</ProgrammingLanguage>
      <SecondaryType>ProgramCycle</SecondaryType>
      <SetENOAutomatically>false</SetENOAutomatically>
    </AttributeList>
    <ObjectList>
      <MultilingualText ID="1" CompositionName="Comment">
        <ObjectList>
          <MultilingualTextItem ID="2" CompositionName="Items">
            <AttributeList>
              <Culture>en-US</Culture>
              <Text />
            </AttributeList>
          </MultilingualTextItem>
        </ObjectList>
      </MultilingualText>
      <SW.Blocks.CompileUnit ID="3" CompositionName="CompileUnits">
        <AttributeList>
          <NetworkSource><FlgNet xmlns="http://www.siemens.com/automation/Openness/SW/NetworkSource/FlgNet/v4">
  <Parts>
    <Call UId="21">
      <CallInfo Name="Supply Conveyor" BlockType="FB">
        <Instance Scope="GlobalVariable" UId="22">
          <Component Name="Supply Conveyor_DB" />
        </Instance>
      </CallInfo>
    </Call>
  </Parts>
  <Wires>
    <Wire UId="23">
      <Powerrail />
      <NameCon UId="21" Name="en" />
    </Wire>
  </Wires>
</FlgNet></NetworkSource>
          <ProgrammingLanguage>LAD</ProgrammingLanguage>
        </AttributeList>
        <ObjectList>
          <MultilingualText ID="4" CompositionName="Comment">
            <ObjectList>
              <MultilingualTextItem ID="5" CompositionName="Items">
                <AttributeList>
                  <Culture>en-US</Culture>
                  <Text />
                </AttributeList>
              </MultilingualTextItem>
            </ObjectList>
          </MultilingualText>
          <MultilingualText ID="6" CompositionName="Title">
            <ObjectList>
              <MultilingualTextItem ID="7" CompositionName="Items">
                <AttributeList>
                  <Culture>en-US</Culture>
                  <Text />
                </AttributeList>
              </MultilingualTextItem>
            </ObjectList>
          </MultilingualText>
        </ObjectList>
      </SW.Blocks.CompileUnit>
      <SW.Blocks.CompileUnit ID="8" CompositionName="CompileUnits">
        <AttributeList>
          <NetworkSource><FlgNet xmlns="http://www.siemens.com/automation/Openness/SW/NetworkSource/FlgNet/v4">
  <Parts>
    <Access Scope="GlobalVariable" UId="21">
      <Symbol>
        <Component Name="iIO_xS1EntrySensor" />
      </Symbol>
    </Access>
    <Access Scope="GlobalVariable" UId="22">
      <Symbol>
        <Component Name="iIO_xS1ExitSensor" />
      </Symbol>
    </Access>
    <Access Scope="GlobalVariable" UId="23">
      <Symbol>
        <Component Name="iIO_xS1PositionerSensor" />
      </Symbol>
    </Access>
    <Access Scope="GlobalVariable" UId="24">
      <Symbol>
        <Component Name="iIO_xSupplyExitSensor" />
      </Symbol>
    </Access>
    <Access Scope="GlobalVariable" UId="25">
      <Symbol>
        <Component Name="iIO_xS1ClampSensor" />
      </Symbol>
    </Access>
    <Access Scope="GlobalVariable" UId="26">
      <Symbol>
        <Component Name="qIO_xS1Conveyor1" />
      </Symbol>
    </Access>
    <Access Scope="GlobalVariable" UId="27">
      <Symbol>
        <Component Name="qIO_xS1Conveyor2" />
      </Symbol>
    </Access>
    <Access Scope="GlobalVariable" UId="28">
      <Symbol>
        <Component Name="qIO_xS1Conveyor3" />
      </Symbol>
    </Access>
    <Access Scope="GlobalVariable" UId="29">
      <Symbol>
        <Component Name="qIO_xS1PositionerClamp" />
      </Symbol>
    </Access>
    <Access Scope="GlobalVariable" UId="30">
      <Symbol>
        <Component Name="qIO_xS1PositionerRaise" />
      </Symbol>
    </Access>
    <Access Scope="GlobalVariable" UId="31">
      <Symbol>
        <Component Name="DB Equipment" />
        <Component Name="Station1" />
      </Symbol>
    </Access>
    <Access Scope="GlobalVariable" UId="32">
      <Symbol>
        <Component Name="iIO_xS1ResetButton" />
      </Symbol>
    </Access>
    <Access Scope="GlobalVariable" UId="33">
      <Symbol>
        <Component Name="iIO_xS1EmergencyButton" />
      </Symbol>
    </Access>
    <Access Scope="GlobalVariable" UId="34">
      <Symbol>
        <Component Name="qIO_xS1ProcessLight" />
      </Symbol>
    </Access>
    <Access Scope="GlobalVariable" UId="35">
      <Symbol>
        <Component Name="qIO_iS1ProcessTimeLeft" />
      </Symbol>
    </Access>
    <Access Scope="GlobalVariable" UId="36">
      <Symbol>
        <Component Name="DB Equipment" />
        <Component Name="Station1" />
      </Symbol>
    </Access>
    <Call UId="37">
      <CallInfo Name="Work Station" BlockType="FB">
        <Instance Scope="GlobalVariable" UId="38">
          <Component Name="Work Station1_DB" />
        </Instance>
        <Parameter Name="xEntrySensor" Section="Input" Type="Bool" />
        <Parameter Name="xExitSensor" Section="Input" Type="Bool" />
        <Parameter Name="xPositionerSensor" Section="Input" Type="Bool" />
        <Parameter Name="xQueueSensor" Section="Input" Type="Bool" />
        <Parameter Name="xClampSensor" Section="Input" Type="Bool" />
        <Parameter Name="xConveyor1" Section="InOut" Type="Bool" />
        <Parameter Name="xConveyor2" Section="InOut" Type="Bool" />
        <Parameter Name="xConveyor3" Section="InOut" Type="Bool" />
        <Parameter Name="xPositionerClamp" Section="InOut" Type="Bool" />
        <Parameter Name="xPositionerRaise" Section="InOut" Type="Bool" />
        <Parameter Name="Work Station DB" Section="InOut" Type="&quot;UDT WorkStation&quot;" />
      </CallInfo>
    </Call>
    <Call UId="39">
      <CallInfo Name="Control Panel" BlockType="FB">
        <Instance Scope="GlobalVariable" UId="40">
          <Component Name="Control Panel1_DB" />
        </Instance>
        <Parameter Name="xResetButton" Section="Input" Type="Bool" />
        <Parameter Name="xEmergencyButton" Section="Input" Type="Bool" />
        <Parameter Name="xProcessLight" Section="InOut" Type="Bool" />
        <Parameter Name="diProcessTimeLeft" Section="InOut" Type="DInt" />
        <Parameter Name="Work Station DB" Section="InOut" Type="&quot;UDT WorkStation&quot;" />
      </CallInfo>
    </Call>
  </Parts>
  <Wires>
    <Wire UId="41">
      <Powerrail />
      <NameCon UId="37" Name="en" />
    </Wire>
    <Wire UId="42">
      <IdentCon UId="21" />
      <NameCon UId="37" Name="xEntrySensor" />
    </Wire>
    <Wire UId="43">
      <IdentCon UId="22" />
      <NameCon UId="37" Name="xExitSensor" />
    </Wire>
    <Wire UId="44">
      <IdentCon UId="23" />
      <NameCon UId="37" Name="xPositionerSensor" />
    </Wire>
    <Wire UId="45">
      <IdentCon UId="24" />
      <NameCon UId="37" Name="xQueueSensor" />
    </Wire>
    <Wire UId="46">
      <IdentCon UId="25" />
      <NameCon UId="37" Name="xClampSensor" />
    </Wire>
    <Wire UId="47">
      <IdentCon UId="26" />
      <NameCon UId="37" Name="xConveyor1" />
    </Wire>
    <Wire UId="48">
      <IdentCon UId="27" />
      <NameCon UId="37" Name="xConveyor2" />
    </Wire>
    <Wire UId="49">
      <IdentCon UId="28" />
      <NameCon UId="37" Name="xConveyor3" />
    </Wire>
    <Wire UId="50">
      <IdentCon UId="29" />
      <NameCon UId="37" Name="xPositionerClamp" />
    </Wire>
    <Wire UId="51">
      <IdentCon UId="30" />
      <NameCon UId="37" Name="xPositionerRaise" />
    </Wire>
    <Wire UId="52">
      <IdentCon UId="31" />
      <NameCon UId="37" Name="Work Station DB" />
    </Wire>
    <Wire UId="53">
      <NameCon UId="37" Name="eno" />
      <NameCon UId="39" Name="en" />
    </Wire>
    <Wire UId="54">
      <IdentCon UId="32" />
      <NameCon UId="39" Name="xResetButton" />
    </Wire>
    <Wire UId="55">
      <IdentCon UId="33" />
      <NameCon UId="39" Name="xEmergencyButton" />
    </Wire>
    <Wire UId="56">
      <IdentCon UId="34" />
      <NameCon UId="39" Name="xProcessLight" />
    </Wire>
    <Wire UId="57">
      <IdentCon UId="35" />
      <NameCon UId="39" Name="diProcessTimeLeft" />
    </Wire>
    <Wire UId="58">
      <IdentCon UId="36" />
      <NameCon UId="39" Name="Work Station DB" />
    </Wire>
  </Wires>
</FlgNet></NetworkSource>
          <ProgrammingLanguage>LAD</ProgrammingLanguage>
        </AttributeList>
        <ObjectList>
          <MultilingualText ID="9" CompositionName="Comment">
            <ObjectList>
              <MultilingualTextItem ID="A" CompositionName="Items">
                <AttributeList>
                  <Culture>en-US</Culture>
                  <Text />
                </AttributeList>
              </MultilingualTextItem>
            </ObjectList>
          </MultilingualText>
          <MultilingualText ID="B" CompositionName="Title">
            <ObjectList>
              <MultilingualTextItem ID="C" CompositionName="Items">
                <AttributeList>
                  <Culture>en-US</Culture>
                  <Text />
                </AttributeList>
              </MultilingualTextItem>
            </ObjectList>
          </MultilingualText>
        </ObjectList>
      </SW.Blocks.CompileUnit>
      <SW.Blocks.CompileUnit ID="D" CompositionName="CompileUnits">
        <AttributeList>
          <NetworkSource><FlgNet xmlns="http://www.siemens.com/automation/Openness/SW/NetworkSource/FlgNet/v4">
  <Parts>
    <Access Scope="GlobalVariable" UId="21">
      <Symbol>
        <Component Name="iIO_xS2EntrySensor" />
      </Symbol>
    </Access>
    <Access Scope="GlobalVariable" UId="22">
      <Symbol>
        <Component Name="iIO_xS2ExitSensor" />
      </Symbol>
    </Access>
    <Access Scope="GlobalVariable" UId="23">
      <Symbol>
        <Component Name="iIO_xS2PositionerSensor" />
      </Symbol>
    </Access>
    <Access Scope="GlobalVariable" UId="24">
      <Symbol>
        <Component Name="iIO_xS1ExitSensor" />
      </Symbol>
    </Access>
    <Access Scope="GlobalVariable" UId="25">
      <Symbol>
        <Component Name="iIO_xS2ClampSensor" />
      </Symbol>
    </Access>
    <Access Scope="GlobalVariable" UId="26">
      <Symbol>
        <Component Name="qIO_xS2Conveyor1" />
      </Symbol>
    </Access>
    <Access Scope="GlobalVariable" UId="27">
      <Symbol>
        <Component Name="qIO_xS2Conveyor2" />
      </Symbol>
    </Access>
    <Access Scope="GlobalVariable" UId="28">
      <Symbol>
        <Component Name="qIO_xS2Conveyor3" />
      </Symbol>
    </Access>
    <Access Scope="GlobalVariable" UId="29">
      <Symbol>
        <Component Name="qIO_xS2PositionerClamp" />
      </Symbol>
    </Access>
    <Access Scope="GlobalVariable" UId="30">
      <Symbol>
        <Component Name="qIO_xS2PositionerRaise" />
      </Symbol>
    </Access>
    <Access Scope="GlobalVariable" UId="31">
      <Symbol>
        <Component Name="DB Equipment" />
        <Component Name="Station2" />
      </Symbol>
    </Access>
    <Access Scope="GlobalVariable" UId="32">
      <Symbol>
        <Component Name="iIO_xS2ResetButton" />
      </Symbol>
    </Access>
    <Access Scope="GlobalVariable" UId="33">
      <Symbol>
        <Component Name="iIO_xS2EmergencyButton" />
      </Symbol>
    </Access>
    <Access Scope="GlobalVariable" UId="34">
      <Symbol>
        <Component Name="qIO_xS2ProcessLight" />
      </Symbol>
    </Access>
    <Access Scope="GlobalVariable" UId="35">
      <Symbol>
        <Component Name="qIO_iS2ProcessTimeLeft" />
      </Symbol>
    </Access>
    <Access Scope="GlobalVariable" UId="36">
      <Symbol>
        <Component Name="DB Equipment" />
        <Component Name="Station2" />
      </Symbol>
    </Access>
    <Call UId="37">
      <CallInfo Name="Work Station" BlockType="FB">
        <Instance Scope="GlobalVariable" UId="38">
          <Component Name="Work Station2_DB" />
        </Instance>
        <Parameter Name="xEntrySensor" Section="Input" Type="Bool" />
        <Parameter Name="xExitSensor" Section="Input" Type="Bool" />
        <Parameter Name="xPositionerSensor" Section="Input" Type="Bool" />
        <Parameter Name="xQueueSensor" Section="Input" Type="Bool" />
        <Parameter Name="xClampSensor" Section="Input" Type="Bool" />
        <Parameter Name="xConveyor1" Section="InOut" Type="Bool" />
        <Parameter Name="xConveyor2" Section="InOut" Type="Bool" />
        <Parameter Name="xConveyor3" Section="InOut" Type="Bool" />
        <Parameter Name="xPositionerClamp" Section="InOut" Type="Bool" />
        <Parameter Name="xPositionerRaise" Section="InOut" Type="Bool" />
        <Parameter Name="Work Station DB" Section="InOut" Type="&quot;UDT WorkStation&quot;" />
      </CallInfo>
    </Call>
    <Call UId="39">
      <CallInfo Name="Control Panel" BlockType="FB">
        <Instance Scope="GlobalVariable" UId="40">
          <Component Name="Control Panel2_DB" />
        </Instance>
        <Parameter Name="xResetButton" Section="Input" Type="Bool" />
        <Parameter Name="xEmergencyButton" Section="Input" Type="Bool" />
        <Parameter Name="xProcessLight" Section="InOut" Type="Bool" />
        <Parameter Name="diProcessTimeLeft" Section="InOut" Type="DInt" />
        <Parameter Name="Work Station DB" Section="InOut" Type="&quot;UDT WorkStation&quot;" />
      </CallInfo>
    </Call>
  </Parts>
  <Wires>
    <Wire UId="41">
      <Powerrail />
      <NameCon UId="37" Name="en" />
    </Wire>
    <Wire UId="42">
      <IdentCon UId="21" />
      <NameCon UId="37" Name="xEntrySensor" />
    </Wire>
    <Wire UId="43">
      <IdentCon UId="22" />
      <NameCon UId="37" Name="xExitSensor" />
    </Wire>
    <Wire UId="44">
      <IdentCon UId="23" />
      <NameCon UId="37" Name="xPositionerSensor" />
    </Wire>
    <Wire UId="45">
      <IdentCon UId="24" />
      <NameCon UId="37" Name="xQueueSensor" />
    </Wire>
    <Wire UId="46">
      <IdentCon UId="25" />
      <NameCon UId="37" Name="xClampSensor" />
    </Wire>
    <Wire UId="47">
      <IdentCon UId="26" />
      <NameCon UId="37" Name="xConveyor1" />
    </Wire>
    <Wire UId="48">
      <IdentCon UId="27" />
      <NameCon UId="37" Name="xConveyor2" />
    </Wire>
    <Wire UId="49">
      <IdentCon UId="28" />
      <NameCon UId="37" Name="xConveyor3" />
    </Wire>
    <Wire UId="50">
      <IdentCon UId="29" />
      <NameCon UId="37" Name="xPositionerClamp" />
    </Wire>
    <Wire UId="51">
      <IdentCon UId="30" />
      <NameCon UId="37" Name="xPositionerRaise" />
    </Wire>
    <Wire UId="52">
      <IdentCon UId="31" />
      <NameCon UId="37" Name="Work Station DB" />
    </Wire>
    <Wire UId="53">
      <NameCon UId="37" Name="eno" />
      <NameCon UId="39" Name="en" />
    </Wire>
    <Wire UId="54">
      <IdentCon UId="32" />
      <NameCon UId="39" Name="xResetButton" />
    </Wire>
    <Wire UId="55">
      <IdentCon UId="33" />
      <NameCon UId="39" Name="xEmergencyButton" />
    </Wire>
    <Wire UId="56">
      <IdentCon UId="34" />
      <NameCon UId="39" Name="xProcessLight" />
    </Wire>
    <Wire UId="57">
      <IdentCon UId="35" />
      <NameCon UId="39" Name="diProcessTimeLeft" />
    </Wire>
    <Wire UId="58">
      <IdentCon UId="36" />
      <NameCon UId="39" Name="Work Station DB" />
    </Wire>
  </Wires>
</FlgNet></NetworkSource>
          <ProgrammingLanguage>LAD</ProgrammingLanguage>
        </AttributeList>
        <ObjectList>
          <MultilingualText ID="E" CompositionName="Comment">
            <ObjectList>
              <MultilingualTextItem ID="F" CompositionName="Items">
                <AttributeList>
                  <Culture>en-US</Culture>
                  <Text />
                </AttributeList>
              </MultilingualTextItem>
            </ObjectList>
          </MultilingualText>
          <MultilingualText ID="10" CompositionName="Title">
            <ObjectList>
              <MultilingualTextItem ID="11" CompositionName="Items">
                <AttributeList>
                  <Culture>en-US</Culture>
                  <Text />
                </AttributeList>
              </MultilingualTextItem>
            </ObjectList>
          </MultilingualText>
        </ObjectList>
      </SW.Blocks.CompileUnit>
      <SW.Blocks.CompileUnit ID="12" CompositionName="CompileUnits">
        <AttributeList>
          <NetworkSource><FlgNet xmlns="http://www.siemens.com/automation/Openness/SW/NetworkSource/FlgNet/v4">
  <Parts>
    <Access Scope="GlobalVariable" UId="21">
      <Symbol>
        <Component Name="iIO_xS3EntrySensor" />
      </Symbol>
    </Access>
    <Access Scope="GlobalVariable" UId="22">
      <Symbol>
        <Component Name="iIO_xS3ExitSensor" />
      </Symbol>
    </Access>
    <Access Scope="GlobalVariable" UId="23">
      <Symbol>
        <Component Name="iIO_xS3PositionerSensor" />
      </Symbol>
    </Access>
    <Access Scope="GlobalVariable" UId="24">
      <Symbol>
        <Component Name="iIO_xS2ExitSensor" />
      </Symbol>
    </Access>
    <Access Scope="GlobalVariable" UId="25">
      <Symbol>
        <Component Name="iIO_xS3ClampSensor" />
      </Symbol>
    </Access>
    <Access Scope="GlobalVariable" UId="26">
      <Symbol>
        <Component Name="qIO_xS3Conveyor1" />
      </Symbol>
    </Access>
    <Access Scope="GlobalVariable" UId="27">
      <Symbol>
        <Component Name="qIO_xS3Conveyor2" />
      </Symbol>
    </Access>
    <Access Scope="GlobalVariable" UId="28">
      <Symbol>
        <Component Name="qIO_xS3Conveyor3" />
      </Symbol>
    </Access>
    <Access Scope="GlobalVariable" UId="29">
      <Symbol>
        <Component Name="qIO_xS3PositionerClamp" />
      </Symbol>
    </Access>
    <Access Scope="GlobalVariable" UId="30">
      <Symbol>
        <Component Name="qIO_xS3PositionerRaise" />
      </Symbol>
    </Access>
    <Access Scope="GlobalVariable" UId="31">
      <Symbol>
        <Component Name="DB Equipment" />
        <Component Name="Station3" />
      </Symbol>
    </Access>
    <Access Scope="GlobalVariable" UId="32">
      <Symbol>
        <Component Name="iIO_xS3ResetButton" />
      </Symbol>
    </Access>
    <Access Scope="GlobalVariable" UId="33">
      <Symbol>
        <Component Name="iIO_xS3EmergencyButton" />
      </Symbol>
    </Access>
    <Access Scope="GlobalVariable" UId="34">
      <Symbol>
        <Component Name="qIO_xS3ProcessLight" />
      </Symbol>
    </Access>
    <Access Scope="GlobalVariable" UId="35">
      <Symbol>
        <Component Name="qIO_iS3ProcessTimeLeft" />
      </Symbol>
    </Access>
    <Access Scope="GlobalVariable" UId="36">
      <Symbol>
        <Component Name="DB Equipment" />
        <Component Name="Station3" />
      </Symbol>
    </Access>
    <Call UId="37">
      <CallInfo Name="Work Station" BlockType="FB">
        <Instance Scope="GlobalVariable" UId="38">
          <Component Name="Work Station3_DB" />
        </Instance>
        <Parameter Name="xEntrySensor" Section="Input" Type="Bool" />
        <Parameter Name="xExitSensor" Section="Input" Type="Bool" />
        <Parameter Name="xPositionerSensor" Section="Input" Type="Bool" />
        <Parameter Name="xQueueSensor" Section="Input" Type="Bool" />
        <Parameter Name="xClampSensor" Section="Input" Type="Bool" />
        <Parameter Name="xConveyor1" Section="InOut" Type="Bool" />
        <Parameter Name="xConveyor2" Section="InOut" Type="Bool" />
        <Parameter Name="xConveyor3" Section="InOut" Type="Bool" />
        <Parameter Name="xPositionerClamp" Section="InOut" Type="Bool" />
        <Parameter Name="xPositionerRaise" Section="InOut" Type="Bool" />
        <Parameter Name="Work Station DB" Section="InOut" Type="&quot;UDT WorkStation&quot;" />
      </CallInfo>
    </Call>
    <Call UId="39">
      <CallInfo Name="Control Panel" BlockType="FB">
        <Instance Scope="GlobalVariable" UId="40">
          <Component Name="Control Panel3_DB" />
        </Instance>
        <Parameter Name="xResetButton" Section="Input" Type="Bool" />
        <Parameter Name="xEmergencyButton" Section="Input" Type="Bool" />
        <Parameter Name="xProcessLight" Section="InOut" Type="Bool" />
        <Parameter Name="diProcessTimeLeft" Section="InOut" Type="DInt" />
        <Parameter Name="Work Station DB" Section="InOut" Type="&quot;UDT WorkStation&quot;" />
      </CallInfo>
    </Call>
  </Parts>
  <Wires>
    <Wire UId="41">
      <Powerrail />
      <NameCon UId="37" Name="en" />
    </Wire>
    <Wire UId="42">
      <IdentCon UId="21" />
      <NameCon UId="37" Name="xEntrySensor" />
    </Wire>
    <Wire UId="43">
      <IdentCon UId="22" />
      <NameCon UId="37" Name="xExitSensor" />
    </Wire>
    <Wire UId="44">
      <IdentCon UId="23" />
      <NameCon UId="37" Name="xPositionerSensor" />
    </Wire>
    <Wire UId="45">
      <IdentCon UId="24" />
      <NameCon UId="37" Name="xQueueSensor" />
    </Wire>
    <Wire UId="46">
      <IdentCon UId="25" />
      <NameCon UId="37" Name="xClampSensor" />
    </Wire>
    <Wire UId="47">
      <IdentCon UId="26" />
      <NameCon UId="37" Name="xConveyor1" />
    </Wire>
    <Wire UId="48">
      <IdentCon UId="27" />
      <NameCon UId="37" Name="xConveyor2" />
    </Wire>
    <Wire UId="49">
      <IdentCon UId="28" />
      <NameCon UId="37" Name="xConveyor3" />
    </Wire>
    <Wire UId="50">
      <IdentCon UId="29" />
      <NameCon UId="37" Name="xPositionerClamp" />
    </Wire>
    <Wire UId="51">
      <IdentCon UId="30" />
      <NameCon UId="37" Name="xPositionerRaise" />
    </Wire>
    <Wire UId="52">
      <IdentCon UId="31" />
      <NameCon UId="37" Name="Work Station DB" />
    </Wire>
    <Wire UId="53">
      <NameCon UId="37" Name="eno" />
      <NameCon UId="39" Name="en" />
    </Wire>
    <Wire UId="54">
      <IdentCon UId="32" />
      <NameCon UId="39" Name="xResetButton" />
    </Wire>
    <Wire UId="55">
      <IdentCon UId="33" />
      <NameCon UId="39" Name="xEmergencyButton" />
    </Wire>
    <Wire UId="56">
      <IdentCon UId="34" />
      <NameCon UId="39" Name="xProcessLight" />
    </Wire>
    <Wire UId="57">
      <IdentCon UId="35" />
      <NameCon UId="39" Name="diProcessTimeLeft" />
    </Wire>
    <Wire UId="58">
      <IdentCon UId="36" />
      <NameCon UId="39" Name="Work Station DB" />
    </Wire>
  </Wires>
</FlgNet></NetworkSource>
          <ProgrammingLanguage>LAD</ProgrammingLanguage>
        </AttributeList>
        <ObjectList>
          <MultilingualText ID="13" CompositionName="Comment">
            <ObjectList>
              <MultilingualTextItem ID="14" CompositionName="Items">
                <AttributeList>
                  <Culture>en-US</Culture>
                  <Text />
                </AttributeList>
              </MultilingualTextItem>
            </ObjectList>
          </MultilingualText>
          <MultilingualText ID="15" CompositionName="Title">
            <ObjectList>
              <MultilingualTextItem ID="16" CompositionName="Items">
                <AttributeList>
                  <Culture>en-US</Culture>
                  <Text />
                </AttributeList>
              </MultilingualTextItem>
            </ObjectList>
          </MultilingualText>
        </ObjectList>
      </SW.Blocks.CompileUnit>
      <SW.Blocks.CompileUnit ID="17" CompositionName="CompileUnits">
        <AttributeList>
          <NetworkSource><FlgNet xmlns="http://www.siemens.com/automation/Openness/SW/NetworkSource/FlgNet/v4">
  <Parts>
    <Call UId="21">
      <CallInfo Name="Sequence Data Management" BlockType="FB">
        <Instance Scope="GlobalVariable" UId="22">
          <Component Name="Sequence Data Management_DB" />
        </Instance>
      </CallInfo>
    </Call>
  </Parts>
  <Wires>
    <Wire UId="23">
      <Powerrail />
      <NameCon UId="21" Name="en" />
    </Wire>
  </Wires>
</FlgNet></NetworkSource>
          <ProgrammingLanguage>LAD</ProgrammingLanguage>
        </AttributeList>
        <ObjectList>
          <MultilingualText ID="18" CompositionName="Comment">
            <ObjectList>
              <MultilingualTextItem ID="19" CompositionName="Items">
                <AttributeList>
                  <Culture>en-US</Culture>
                  <Text />
                </AttributeList>
              </MultilingualTextItem>
            </ObjectList>
          </MultilingualText>
          <MultilingualText ID="1A" CompositionName="Title">
            <ObjectList>
              <MultilingualTextItem ID="1B" CompositionName="Items">
                <AttributeList>
                  <Culture>en-US</Culture>
                  <Text />
                </AttributeList>
              </MultilingualTextItem>
            </ObjectList>
          </MultilingualText>
        </ObjectList>
      </SW.Blocks.CompileUnit>
      <SW.Blocks.CompileUnit ID="1C" CompositionName="CompileUnits">
        <AttributeList>
          <NetworkSource />
          <ProgrammingLanguage>LAD</ProgrammingLanguage>
        </AttributeList>
        <ObjectList>
          <MultilingualText ID="1D" CompositionName="Comment">
            <ObjectList>
              <MultilingualTextItem ID="1E" CompositionName="Items">
                <AttributeList>
                  <Culture>en-US</Culture>
                  <Text />
                </AttributeList>
              </MultilingualTextItem>
            </ObjectList>
          </MultilingualText>
          <MultilingualText ID="1F" CompositionName="Title">
            <ObjectList>
              <MultilingualTextItem ID="20" CompositionName="Items">
                <AttributeList>
                  <Culture>en-US</Culture>
                  <Text />
                </AttributeList>
              </MultilingualTextItem>
            </ObjectList>
          </MultilingualText>
        </ObjectList>
      </SW.Blocks.CompileUnit>
      <MultilingualText ID="21" CompositionName="Title">
        <ObjectList>
          <MultilingualTextItem ID="22" CompositionName="Items">
            <AttributeList>
              <Culture>en-US</Culture>
              <Text>"Main Program Sweep (Cycle)"</Text>
            </AttributeList>
          </MultilingualTextItem>
        </ObjectList>
      </MultilingualText>
    </ObjectList>
  </SW.Blocks.OB>
</Document>